SET FOREIGN_KEY_CHECKS=0;

DROP TABLE IF EXISTS `allowances`;
CREATE TABLE `allowances` (
  `id` bigint unsigned NOT NULL AUTO_INCREMENT,
  `employee_id` bigint unsigned NOT NULL,
  `name` varchar(255) COLLATE utf8mb4_unicode_ci NOT NULL,
  `amount` decimal(15,2) NOT NULL,
  `type` enum('Tetap','Variabel') COLLATE utf8mb4_unicode_ci NOT NULL,
  `created_at` timestamp NULL DEFAULT NULL,
  `updated_at` timestamp NULL DEFAULT NULL,
  PRIMARY KEY (`id`),
  KEY `allowances_employee_id_foreign` (`employee_id`),
  CONSTRAINT `allowances_employee_id_foreign` FOREIGN KEY (`employee_id`) REFERENCES `employees` (`id`) ON DELETE CASCADE
) ENGINE=InnoDB AUTO_INCREMENT=27 DEFAULT CHARSET=utf8mb4 COLLATE=utf8mb4_unicode_ci;

INSERT INTO `allowances` VALUES 
('1','1','Tunjangan Transport','500000.00','Tetap','2026-07-02 17:33:02','2026-07-02 17:33:02'),
('2','1','Tunjangan Makan','40000.00','Variabel','2026-07-02 17:33:02','2026-07-02 17:33:02'),
('3','2','Tunjangan Jabatan','112874.00','Tetap','2026-07-02 17:33:02','2026-07-02 17:33:02'),
('4','2','Tunjangan Makan','633179.00','Variabel','2026-07-02 17:33:02','2026-07-02 17:33:02'),
('5','3','Tunjangan Makan','948261.00','Variabel','2026-07-02 17:33:02','2026-07-02 17:33:02'),
('6','3','Tunjangan Transport','635539.00','Tetap','2026-07-02 17:33:02','2026-07-02 17:33:02'),
('7','4','Tunjangan Makan','128066.00','Variabel','2026-07-02 17:33:02','2026-07-02 17:33:02'),
('8','4','Tunjangan Transport','362432.00','Variabel','2026-07-02 17:33:02','2026-07-02 17:33:02'),
('9','5','Tunjangan Jabatan','870433.00','Variabel','2026-07-02 17:33:02','2026-07-02 17:33:02'),
('10','5','Tunjangan Transport','710423.00','Variabel','2026-07-02 17:33:02','2026-07-02 17:33:02'),
('11','6','Tunjangan Makan','384300.00','Variabel','2026-07-02 17:33:02','2026-07-02 17:33:02'),
('12','6','Tunjangan Transport','773295.00','Variabel','2026-07-02 17:33:02','2026-07-02 17:33:02'),
('13','7','Tunjangan Transport','241463.00','Variabel','2026-07-02 17:33:02','2026-07-02 17:33:02'),
('14','7','Tunjangan Makan','718426.00','Tetap','2026-07-02 17:33:02','2026-07-02 17:33:02'),
('15','8','Tunjangan Transport','685565.00','Tetap','2026-07-02 17:33:02','2026-07-02 17:33:02'),
('16','8','Tunjangan Jabatan','567305.00','Variabel','2026-07-02 17:33:02','2026-07-02 17:33:02'),
('17','9','Tunjangan Jabatan','776058.00','Variabel','2026-07-02 17:33:02','2026-07-02 17:33:02'),
('18','9','Tunjangan Makan','690991.00','Tetap','2026-07-02 17:33:02','2026-07-02 17:33:02'),
('19','10','Tunjangan Transport','270698.00','Tetap','2026-07-02 17:33:02','2026-07-02 17:33:02'),
('20','10','Tunjangan Makan','184538.00','Tetap','2026-07-02 17:33:02','2026-07-02 17:33:02'),
('21','11','Tunjangan Jabatan','248754.00','Variabel','2026-07-02 17:33:02','2026-07-02 17:33:02'),
('22','11','Tunjangan Makan','380524.00','Variabel','2026-07-02 17:33:02','2026-07-02 17:33:02'),
('23','22','Transport','1500000.00','Tetap','2026-07-02 20:10:56','2026-07-02 20:10:56'),
('25','23','Tunjangan Test','500000.00','Tetap','2026-07-03 09:57:50','2026-07-03 09:57:50'),
('26','5','makan','50000.00','Variabel','2026-07-03 10:38:35','2026-07-03 10:38:35');

DROP TABLE IF EXISTS `attendance_records`;
CREATE TABLE `attendance_records` (
  `id` bigint unsigned NOT NULL AUTO_INCREMENT,
  `employee_id` bigint unsigned NOT NULL,
  `record_date` date NOT NULL,
  `check_in` time DEFAULT NULL,
  `check_out` time DEFAULT NULL,
  `overtime_hours` int NOT NULL DEFAULT '0',
  `status` enum('Hadir','Alpa','Cuti') COLLATE utf8mb4_unicode_ci NOT NULL,
  `created_at` timestamp NULL DEFAULT NULL,
  `updated_at` timestamp NULL DEFAULT NULL,
  PRIMARY KEY (`id`),
  UNIQUE KEY `attendance_records_employee_id_record_date_unique` (`employee_id`,`record_date`),
  CONSTRAINT `attendance_records_employee_id_foreign` FOREIGN KEY (`employee_id`) REFERENCES `employees` (`id`) ON DELETE CASCADE
) ENGINE=InnoDB AUTO_INCREMENT=487 DEFAULT CHARSET=utf8mb4 COLLATE=utf8mb4_unicode_ci;

INSERT INTO `attendance_records` VALUES 
('1','1','2023-10-02','08:00:00','17:00:00','0','Hadir','2026-07-02 17:33:02','2026-07-02 17:33:02'),
('2','1','2023-10-03','08:00:00','17:00:00','0','Hadir','2026-07-02 17:33:02','2026-07-02 17:33:02'),
('3','1','2023-10-04','08:00:00','17:00:00','0','Hadir','2026-07-02 17:33:02','2026-07-02 17:33:02'),
('4','1','2023-10-05','08:00:00','17:00:00','0','Hadir','2026-07-02 17:33:02','2026-07-02 17:33:02'),
('5','1','2023-10-06','08:00:00','17:00:00','0','Hadir','2026-07-02 17:33:02','2026-07-02 17:33:02'),
('6','1','2023-10-09','08:00:00','17:00:00','0','Hadir','2026-07-02 17:33:02','2026-07-02 17:33:02'),
('7','1','2023-10-10','08:00:00','17:00:00','0','Hadir','2026-07-02 17:33:02','2026-07-02 17:33:02'),
('8','1','2023-10-11','08:00:00','17:00:00','0','Hadir','2026-07-02 17:33:02','2026-07-02 17:33:02'),
('9','1','2023-10-12','08:00:00','17:00:00','0','Hadir','2026-07-02 17:33:02','2026-07-02 17:33:02'),
('10','1','2023-10-13','08:00:00','17:00:00','0','Hadir','2026-07-02 17:33:02','2026-07-02 17:33:02'),
('11','1','2023-10-16','08:00:00','17:00:00','0','Hadir','2026-07-02 17:33:02','2026-07-02 17:33:02'),
('12','1','2023-10-17','08:00:00','17:00:00','0','Hadir','2026-07-02 17:33:02','2026-07-02 17:33:02'),
('13','1','2023-10-18','08:00:00','17:00:00','0','Hadir','2026-07-02 17:33:02','2026-07-02 17:33:02'),
('14','1','2023-10-19','08:00:00','17:00:00','0','Hadir','2026-07-02 17:33:02','2026-07-02 17:33:02'),
('15','1','2023-10-20','08:00:00','17:00:00','0','Hadir','2026-07-02 17:33:02','2026-07-02 17:33:02'),
('16','1','2023-10-23','08:00:00','17:00:00','0','Hadir','2026-07-02 17:33:02','2026-07-02 17:33:02'),
('17','1','2023-10-24','08:00:00','17:00:00','0','Hadir','2026-07-02 17:33:02','2026-07-02 17:33:02'),
('18','1','2023-10-25','08:00:00','17:00:00','0','Hadir','2026-07-02 17:33:02','2026-07-02 17:33:02'),
('19','1','2023-10-26','08:00:00','17:00:00','0','Hadir','2026-07-02 17:33:02','2026-07-02 17:33:02'),
('20','1','2023-10-27','08:00:00','17:00:00','0','Hadir','2026-07-02 17:33:02','2026-07-02 17:33:02'),
('21','1','2023-10-30','08:00:00','17:00:00','0','Hadir','2026-07-02 17:33:02','2026-07-02 17:33:02'),
('22','1','2023-10-31','08:00:00','17:00:00','0','Hadir','2026-07-02 17:33:02','2026-07-02 17:33:02'),
('23','2','2023-10-02','08:00:00','17:00:00','0','Hadir','2026-07-02 17:33:02','2026-07-02 17:33:02'),
('24','2','2023-10-03','08:00:00','17:00:00','0','Hadir','2026-07-02 17:33:02','2026-07-02 17:33:02'),
('25','2','2023-10-04','08:00:00','17:00:00','0','Hadir','2026-07-02 17:33:02','2026-07-02 17:33:02'),
('26','2','2023-10-05','08:00:00','17:00:00','0','Hadir','2026-07-02 17:33:02','2026-07-02 17:33:02'),
('27','2','2023-10-06','08:00:00','17:00:00','0','Hadir','2026-07-02 17:33:02','2026-07-02 17:33:02'),
('28','2','2023-10-09','08:00:00','17:00:00','0','Hadir','2026-07-02 17:33:02','2026-07-02 17:33:02'),
('29','2','2023-10-10','08:00:00','17:00:00','0','Hadir','2026-07-02 17:33:02','2026-07-02 17:33:02'),
('30','2','2023-10-11','08:00:00','17:00:00','0','Hadir','2026-07-02 17:33:02','2026-07-02 17:33:02'),
('31','2','2023-10-12','08:00:00','17:00:00','0','Hadir','2026-07-02 17:33:02','2026-07-02 17:33:02'),
('32','2','2023-10-13','08:00:00','17:00:00','0','Hadir','2026-07-02 17:33:02','2026-07-02 17:33:02'),
('33','2','2023-10-16','08:00:00','17:00:00','0','Hadir','2026-07-02 17:33:02','2026-07-02 17:33:02'),
('34','2','2023-10-17','08:00:00','17:00:00','0','Hadir','2026-07-02 17:33:02','2026-07-02 17:33:02'),
('35','2','2023-10-18','08:00:00','17:00:00','0','Hadir','2026-07-02 17:33:02','2026-07-02 17:33:02'),
('36','2','2023-10-19','08:00:00','17:00:00','0','Hadir','2026-07-02 17:33:02','2026-07-02 17:33:02'),
('37','2','2023-10-20','08:00:00','17:00:00','0','Hadir','2026-07-02 17:33:02','2026-07-02 17:33:02'),
('38','2','2023-10-23','08:00:00','17:00:00','0','Hadir','2026-07-02 17:33:02','2026-07-02 17:33:02'),
('39','2','2023-10-24','08:00:00','17:00:00','0','Hadir','2026-07-02 17:33:02','2026-07-02 17:33:02'),
('40','2','2023-10-25','08:00:00','17:00:00','0','Hadir','2026-07-02 17:33:02','2026-07-02 17:33:02'),
('41','2','2023-10-26','08:00:00','17:00:00','0','Hadir','2026-07-02 17:33:02','2026-07-02 17:33:02'),
('42','2','2023-10-27','08:00:00','17:00:00','0','Hadir','2026-07-02 17:33:02','2026-07-02 17:33:02'),
('43','2','2023-10-30','08:00:00','17:00:00','0','Hadir','2026-07-02 17:33:02','2026-07-02 17:33:02'),
('44','2','2023-10-31','08:00:00','17:00:00','0','Hadir','2026-07-02 17:33:02','2026-07-02 17:33:02'),
('45','3','2023-10-02','08:00:00','17:00:00','0','Hadir','2026-07-02 17:33:02','2026-07-02 17:33:02'),
('46','3','2023-10-03','08:00:00','17:00:00','0','Hadir','2026-07-02 17:33:02','2026-07-02 17:33:02'),
('47','3','2023-10-04','08:00:00','17:00:00','0','Hadir','2026-07-02 17:33:02','2026-07-02 17:33:02'),
('48','3','2023-10-05','08:00:00','17:00:00','0','Hadir','2026-07-02 17:33:02','2026-07-02 17:33:02'),
('49','3','2023-10-06','08:00:00','17:00:00','0','Hadir','2026-07-02 17:33:02','2026-07-02 17:33:02'),
('50','3','2023-10-09','08:00:00','17:00:00','0','Hadir','2026-07-02 17:33:02','2026-07-02 17:33:02'),
('51','3','2023-10-10','08:00:00','17:00:00','0','Hadir','2026-07-02 17:33:02','2026-07-02 17:33:02'),
('52','3','2023-10-11','08:00:00','17:00:00','0','Hadir','2026-07-02 17:33:02','2026-07-02 17:33:02'),
('53','3','2023-10-12','08:00:00','17:00:00','0','Hadir','2026-07-02 17:33:02','2026-07-02 17:33:02'),
('54','3','2023-10-13','08:00:00','17:00:00','0','Hadir','2026-07-02 17:33:02','2026-07-02 17:33:02'),
('55','3','2023-10-16','08:00:00','17:00:00','0','Hadir','2026-07-02 17:33:02','2026-07-02 17:33:02'),
('56','3','2023-10-17','08:00:00','17:00:00','0','Hadir','2026-07-02 17:33:02','2026-07-02 17:33:02'),
('57','3','2023-10-18','08:00:00','17:00:00','0','Hadir','2026-07-02 17:33:02','2026-07-02 17:33:02'),
('58','3','2023-10-19','08:00:00','17:00:00','0','Hadir','2026-07-02 17:33:02','2026-07-02 17:33:02'),
('59','3','2023-10-20','08:00:00','17:00:00','0','Hadir','2026-07-02 17:33:02','2026-07-02 17:33:02'),
('60','3','2023-10-23','08:00:00','17:00:00','0','Hadir','2026-07-02 17:33:02','2026-07-02 17:33:02'),
('61','3','2023-10-24','08:00:00','17:00:00','0','Hadir','2026-07-02 17:33:02','2026-07-02 17:33:02'),
('62','3','2023-10-25','08:00:00','17:00:00','0','Hadir','2026-07-02 17:33:02','2026-07-02 17:33:02'),
('63','3','2023-10-26','08:00:00','17:00:00','0','Hadir','2026-07-02 17:33:02','2026-07-02 17:33:02'),
('64','3','2023-10-27','08:00:00','17:00:00','0','Hadir','2026-07-02 17:33:02','2026-07-02 17:33:02'),
('65','3','2023-10-30','08:00:00','17:00:00','0','Hadir','2026-07-02 17:33:02','2026-07-02 17:33:02'),
('66','3','2023-10-31','08:00:00','17:00:00','0','Hadir','2026-07-02 17:33:02','2026-07-02 17:33:02'),
('67','4','2023-10-02','08:00:00','17:00:00','0','Hadir','2026-07-02 17:33:02','2026-07-02 17:33:02'),
('68','4','2023-10-03','08:00:00','17:00:00','0','Hadir','2026-07-02 17:33:02','2026-07-02 17:33:02'),
('69','4','2023-10-04','08:00:00','17:00:00','0','Hadir','2026-07-02 17:33:02','2026-07-02 17:33:02'),
('70','4','2023-10-05','08:00:00','17:00:00','0','Hadir','2026-07-02 17:33:02','2026-07-02 17:33:02'),
('71','4','2023-10-06','08:00:00','17:00:00','0','Hadir','2026-07-02 17:33:02','2026-07-02 17:33:02'),
('72','4','2023-10-09','08:00:00','17:00:00','0','Hadir','2026-07-02 17:33:03','2026-07-02 17:33:03'),
('73','4','2023-10-10','08:00:00','17:00:00','0','Hadir','2026-07-02 17:33:03','2026-07-02 17:33:03'),
('74','4','2023-10-11','08:00:00','17:00:00','0','Hadir','2026-07-02 17:33:03','2026-07-02 17:33:03'),
('75','4','2023-10-12','08:00:00','17:00:00','0','Hadir','2026-07-02 17:33:03','2026-07-02 17:33:03'),
('76','4','2023-10-13','08:00:00','17:00:00','0','Hadir','2026-07-02 17:33:03','2026-07-02 17:33:03'),
('77','4','2023-10-16','08:00:00','17:00:00','0','Hadir','2026-07-02 17:33:03','2026-07-02 17:33:03'),
('78','4','2023-10-17','08:00:00','17:00:00','0','Hadir','2026-07-02 17:33:03','2026-07-02 17:33:03'),
('79','4','2023-10-18','08:00:00','17:00:00','0','Hadir','2026-07-02 17:33:03','2026-07-02 17:33:03'),
('80','4','2023-10-19','08:00:00','17:00:00','0','Hadir','2026-07-02 17:33:03','2026-07-02 17:33:03'),
('81','4','2023-10-20','08:00:00','17:00:00','0','Hadir','2026-07-02 17:33:03','2026-07-02 17:33:03'),
('82','4','2023-10-23','08:00:00','17:00:00','0','Hadir','2026-07-02 17:33:03','2026-07-02 17:33:03'),
('83','4','2023-10-24','08:00:00','17:00:00','0','Hadir','2026-07-02 17:33:03','2026-07-02 17:33:03'),
('84','4','2023-10-25','08:00:00','17:00:00','0','Hadir','2026-07-02 17:33:03','2026-07-02 17:33:03'),
('85','4','2023-10-26','08:00:00','17:00:00','0','Hadir','2026-07-02 17:33:03','2026-07-02 17:33:03'),
('86','4','2023-10-27','08:00:00','17:00:00','0','Hadir','2026-07-02 17:33:03','2026-07-02 17:33:03'),
('87','4','2023-10-30','08:00:00','17:00:00','0','Hadir','2026-07-02 17:33:03','2026-07-02 17:33:03'),
('88','4','2023-10-31','08:00:00','17:00:00','0','Hadir','2026-07-02 17:33:03','2026-07-02 17:33:03'),
('89','5','2023-10-02','08:00:00','17:00:00','0','Hadir','2026-07-02 17:33:03','2026-07-02 17:33:03'),
('90','5','2023-10-03','08:00:00','17:00:00','0','Hadir','2026-07-02 17:33:03','2026-07-02 17:33:03'),
('91','5','2023-10-04','08:00:00','17:00:00','0','Hadir','2026-07-02 17:33:03','2026-07-02 17:33:03'),
('92','5','2023-10-05','08:00:00','17:00:00','0','Hadir','2026-07-02 17:33:03','2026-07-02 17:33:03'),
('93','5','2023-10-06','08:00:00','17:00:00','0','Hadir','2026-07-02 17:33:03','2026-07-02 17:33:03'),
('94','5','2023-10-09','08:00:00','17:00:00','0','Hadir','2026-07-02 17:33:03','2026-07-02 17:33:03'),
('95','5','2023-10-10','08:00:00','17:00:00','0','Hadir','2026-07-02 17:33:03','2026-07-02 17:33:03'),
('96','5','2023-10-11','08:00:00','17:00:00','0','Hadir','2026-07-02 17:33:03','2026-07-02 17:33:03'),
('97','5','2023-10-12','08:00:00','17:00:00','0','Hadir','2026-07-02 17:33:03','2026-07-02 17:33:03'),
('98','5','2023-10-13','08:00:00','17:00:00','0','Hadir','2026-07-02 17:33:03','2026-07-02 17:33:03'),
('99','5','2023-10-16','08:00:00','17:00:00','0','Hadir','2026-07-02 17:33:03','2026-07-02 17:33:03'),
('100','5','2023-10-17','08:00:00','17:00:00','0','Hadir','2026-07-02 17:33:03','2026-07-02 17:33:03'),
('101','5','2023-10-18','08:00:00','17:00:00','0','Hadir','2026-07-02 17:33:03','2026-07-02 17:33:03'),
('102','5','2023-10-19','08:00:00','17:00:00','0','Hadir','2026-07-02 17:33:03','2026-07-02 17:33:03'),
('103','5','2023-10-20','08:00:00','17:00:00','0','Hadir','2026-07-02 17:33:03','2026-07-02 17:33:03'),
('104','5','2023-10-23','08:00:00','17:00:00','0','Hadir','2026-07-02 17:33:03','2026-07-02 17:33:03'),
('105','5','2023-10-24','08:00:00','17:00:00','0','Hadir','2026-07-02 17:33:03','2026-07-02 17:33:03'),
('106','5','2023-10-25','08:00:00','17:00:00','0','Hadir','2026-07-02 17:33:03','2026-07-02 17:33:03'),
('107','5','2023-10-26','08:00:00','17:00:00','0','Hadir','2026-07-02 17:33:03','2026-07-02 17:33:03'),
('108','5','2023-10-27','08:00:00','17:00:00','0','Hadir','2026-07-02 17:33:03','2026-07-02 17:33:03'),
('109','5','2023-10-30','08:00:00','17:00:00','0','Hadir','2026-07-02 17:33:03','2026-07-02 17:33:03'),
('110','5','2023-10-31','08:00:00','17:00:00','0','Hadir','2026-07-02 17:33:03','2026-07-02 17:33:03'),
('111','6','2023-10-02','08:00:00','17:00:00','0','Hadir','2026-07-02 17:33:03','2026-07-02 17:33:03'),
('112','6','2023-10-03','08:00:00','17:00:00','0','Hadir','2026-07-02 17:33:03','2026-07-02 17:33:03'),
('113','6','2023-10-04','08:00:00','17:00:00','0','Hadir','2026-07-02 17:33:03','2026-07-02 17:33:03'),
('114','6','2023-10-05','08:00:00','17:00:00','0','Hadir','2026-07-02 17:33:03','2026-07-02 17:33:03'),
('115','6','2023-10-06','08:00:00','17:00:00','0','Hadir','2026-07-02 17:33:03','2026-07-02 17:33:03'),
('116','6','2023-10-09','08:00:00','17:00:00','0','Hadir','2026-07-02 17:33:03','2026-07-02 17:33:03'),
('117','6','2023-10-10','08:00:00','17:00:00','0','Hadir','2026-07-02 17:33:03','2026-07-02 17:33:03'),
('118','6','2023-10-11','08:00:00','17:00:00','0','Hadir','2026-07-02 17:33:03','2026-07-02 17:33:03'),
('119','6','2023-10-12','08:00:00','17:00:00','0','Hadir','2026-07-02 17:33:03','2026-07-02 17:33:03'),
('120','6','2023-10-13','08:00:00','17:00:00','0','Hadir','2026-07-02 17:33:03','2026-07-02 17:33:03'),
('121','6','2023-10-16','08:00:00','17:00:00','0','Hadir','2026-07-02 17:33:03','2026-07-02 17:33:03'),
('122','6','2023-10-17','08:00:00','17:00:00','0','Hadir','2026-07-02 17:33:03','2026-07-02 17:33:03'),
('123','6','2023-10-18','08:00:00','17:00:00','0','Hadir','2026-07-02 17:33:03','2026-07-02 17:33:03'),
('124','6','2023-10-19','08:00:00','17:00:00','0','Hadir','2026-07-02 17:33:03','2026-07-02 17:33:03'),
('125','6','2023-10-20','08:00:00','17:00:00','0','Hadir','2026-07-02 17:33:03','2026-07-02 17:33:03'),
('126','6','2023-10-23','08:00:00','17:00:00','0','Hadir','2026-07-02 17:33:03','2026-07-02 17:33:03'),
('127','6','2023-10-24','08:00:00','17:00:00','0','Hadir','2026-07-02 17:33:03','2026-07-02 17:33:03'),
('128','6','2023-10-25','08:00:00','17:00:00','0','Hadir','2026-07-02 17:33:03','2026-07-02 17:33:03'),
('129','6','2023-10-26','08:00:00','17:00:00','0','Hadir','2026-07-02 17:33:03','2026-07-02 17:33:03'),
('130','6','2023-10-27','08:00:00','17:00:00','0','Hadir','2026-07-02 17:33:03','2026-07-02 17:33:03'),
('131','6','2023-10-30','08:00:00','17:00:00','0','Hadir','2026-07-02 17:33:03','2026-07-02 17:33:03'),
('132','6','2023-10-31','08:00:00','17:00:00','0','Hadir','2026-07-02 17:33:03','2026-07-02 17:33:03'),
('133','7','2023-10-02','08:00:00','17:00:00','0','Hadir','2026-07-02 17:33:03','2026-07-02 17:33:03'),
('134','7','2023-10-03','08:00:00','17:00:00','0','Hadir','2026-07-02 17:33:03','2026-07-02 17:33:03'),
('135','7','2023-10-04','08:00:00','17:00:00','0','Hadir','2026-07-02 17:33:03','2026-07-02 17:33:03'),
('136','7','2023-10-05','08:00:00','17:00:00','0','Hadir','2026-07-02 17:33:03','2026-07-02 17:33:03'),
('137','7','2023-10-06','08:00:00','17:00:00','0','Hadir','2026-07-02 17:33:03','2026-07-02 17:33:03'),
('138','7','2023-10-09','08:00:00','17:00:00','0','Hadir','2026-07-02 17:33:03','2026-07-02 17:33:03'),
('139','7','2023-10-10','08:00:00','17:00:00','0','Hadir','2026-07-02 17:33:03','2026-07-02 17:33:03'),
('140','7','2023-10-11','08:00:00','17:00:00','0','Hadir','2026-07-02 17:33:03','2026-07-02 17:33:03'),
('141','7','2023-10-12','08:00:00','17:00:00','0','Hadir','2026-07-02 17:33:03','2026-07-02 17:33:03'),
('142','7','2023-10-13','08:00:00','17:00:00','0','Hadir','2026-07-02 17:33:03','2026-07-02 17:33:03'),
('143','7','2023-10-16','08:00:00','17:00:00','0','Hadir','2026-07-02 17:33:03','2026-07-02 17:33:03'),
('144','7','2023-10-17','08:00:00','17:00:00','0','Hadir','2026-07-02 17:33:03','2026-07-02 17:33:03'),
('145','7','2023-10-18','08:00:00','17:00:00','0','Hadir','2026-07-02 17:33:03','2026-07-02 17:33:03'),
('146','7','2023-10-19','08:00:00','17:00:00','0','Hadir','2026-07-02 17:33:03','2026-07-02 17:33:03'),
('147','7','2023-10-20','08:00:00','17:00:00','0','Hadir','2026-07-02 17:33:03','2026-07-02 17:33:03'),
('148','7','2023-10-23','08:00:00','17:00:00','0','Hadir','2026-07-02 17:33:03','2026-07-02 17:33:03'),
('149','7','2023-10-24','08:00:00','17:00:00','0','Hadir','2026-07-02 17:33:03','2026-07-02 17:33:03'),
('150','7','2023-10-25','08:00:00','17:00:00','0','Hadir','2026-07-02 17:33:03','2026-07-02 17:33:03'),
('151','7','2023-10-26','08:00:00','17:00:00','0','Hadir','2026-07-02 17:33:03','2026-07-02 17:33:03'),
('152','7','2023-10-27','08:00:00','17:00:00','0','Hadir','2026-07-02 17:33:03','2026-07-02 17:33:03'),
('153','7','2023-10-30','08:00:00','17:00:00','0','Hadir','2026-07-02 17:33:03','2026-07-02 17:33:03'),
('154','7','2023-10-31','08:00:00','17:00:00','0','Hadir','2026-07-02 17:33:03','2026-07-02 17:33:03'),
('155','8','2023-10-02','08:00:00','17:00:00','0','Hadir','2026-07-02 17:33:03','2026-07-02 17:33:03'),
('156','8','2023-10-03','08:00:00','17:00:00','0','Hadir','2026-07-02 17:33:03','2026-07-02 17:33:03'),
('157','8','2023-10-04','08:00:00','17:00:00','0','Hadir','2026-07-02 17:33:03','2026-07-02 17:33:03'),
('158','8','2023-10-05','08:00:00','17:00:00','0','Hadir','2026-07-02 17:33:03','2026-07-02 17:33:03'),
('159','8','2023-10-06','08:00:00','17:00:00','0','Hadir','2026-07-02 17:33:03','2026-07-02 17:33:03'),
('160','8','2023-10-09','08:00:00','17:00:00','0','Hadir','2026-07-02 17:33:03','2026-07-02 17:33:03'),
('161','8','2023-10-10','08:00:00','17:00:00','0','Hadir','2026-07-02 17:33:03','2026-07-02 17:33:03'),
('162','8','2023-10-11','08:00:00','17:00:00','0','Hadir','2026-07-02 17:33:03','2026-07-02 17:33:03'),
('163','8','2023-10-12','08:00:00','17:00:00','0','Hadir','2026-07-02 17:33:03','2026-07-02 17:33:03'),
('164','8','2023-10-13','08:00:00','17:00:00','0','Hadir','2026-07-02 17:33:03','2026-07-02 17:33:03'),
('165','8','2023-10-16','08:00:00','17:00:00','0','Hadir','2026-07-02 17:33:03','2026-07-02 17:33:03'),
('166','8','2023-10-17','08:00:00','17:00:00','0','Hadir','2026-07-02 17:33:03','2026-07-02 17:33:03'),
('167','8','2023-10-18','08:00:00','17:00:00','0','Hadir','2026-07-02 17:33:03','2026-07-02 17:33:03'),
('168','8','2023-10-19','08:00:00','17:00:00','0','Hadir','2026-07-02 17:33:03','2026-07-02 17:33:03'),
('169','8','2023-10-20','08:00:00','17:00:00','0','Hadir','2026-07-02 17:33:03','2026-07-02 17:33:03'),
('170','8','2023-10-23','08:00:00','17:00:00','0','Hadir','2026-07-02 17:33:03','2026-07-02 17:33:03'),
('171','8','2023-10-24','08:00:00','17:00:00','0','Hadir','2026-07-02 17:33:03','2026-07-02 17:33:03'),
('172','8','2023-10-25','08:00:00','17:00:00','0','Hadir','2026-07-02 17:33:03','2026-07-02 17:33:03'),
('173','8','2023-10-26','08:00:00','17:00:00','0','Hadir','2026-07-02 17:33:03','2026-07-02 17:33:03'),
('174','8','2023-10-27','08:00:00','17:00:00','0','Hadir','2026-07-02 17:33:03','2026-07-02 17:33:03'),
('175','8','2023-10-30','08:00:00','17:00:00','0','Hadir','2026-07-02 17:33:03','2026-07-02 17:33:03'),
('176','8','2023-10-31','08:00:00','17:00:00','0','Hadir','2026-07-02 17:33:03','2026-07-02 17:33:03'),
('177','9','2023-10-02','08:00:00','17:00:00','0','Hadir','2026-07-02 17:33:03','2026-07-02 17:33:03'),
('178','9','2023-10-03','08:00:00','17:00:00','0','Hadir','2026-07-02 17:33:03','2026-07-02 17:33:03'),
('179','9','2023-10-04','08:00:00','17:00:00','0','Hadir','2026-07-02 17:33:03','2026-07-02 17:33:03'),
('180','9','2023-10-05','08:00:00','17:00:00','0','Hadir','2026-07-02 17:33:03','2026-07-02 17:33:03'),
('181','9','2023-10-06','08:00:00','17:00:00','0','Hadir','2026-07-02 17:33:03','2026-07-02 17:33:03'),
('182','9','2023-10-09','08:00:00','17:00:00','0','Hadir','2026-07-02 17:33:03','2026-07-02 17:33:03'),
('183','9','2023-10-10','08:00:00','17:00:00','0','Hadir','2026-07-02 17:33:03','2026-07-02 17:33:03'),
('184','9','2023-10-11','08:00:00','17:00:00','0','Hadir','2026-07-02 17:33:03','2026-07-02 17:33:03'),
('185','9','2023-10-12','08:00:00','17:00:00','0','Hadir','2026-07-02 17:33:03','2026-07-02 17:33:03'),
('186','9','2023-10-13','08:00:00','17:00:00','0','Hadir','2026-07-02 17:33:03','2026-07-02 17:33:03'),
('187','9','2023-10-16','08:00:00','17:00:00','0','Hadir','2026-07-02 17:33:03','2026-07-02 17:33:03'),
('188','9','2023-10-17','08:00:00','17:00:00','0','Hadir','2026-07-02 17:33:03','2026-07-02 17:33:03'),
('189','9','2023-10-18','08:00:00','17:00:00','0','Hadir','2026-07-02 17:33:03','2026-07-02 17:33:03'),
('190','9','2023-10-19','08:00:00','17:00:00','0','Hadir','2026-07-02 17:33:03','2026-07-02 17:33:03'),
('191','9','2023-10-20','08:00:00','17:00:00','0','Hadir','2026-07-02 17:33:03','2026-07-02 17:33:03'),
('192','9','2023-10-23','08:00:00','17:00:00','0','Hadir','2026-07-02 17:33:03','2026-07-02 17:33:03'),
('193','9','2023-10-24','08:00:00','17:00:00','0','Hadir','2026-07-02 17:33:03','2026-07-02 17:33:03'),
('194','9','2023-10-25','08:00:00','17:00:00','0','Hadir','2026-07-02 17:33:03','2026-07-02 17:33:03'),
('195','9','2023-10-26','08:00:00','17:00:00','0','Hadir','2026-07-02 17:33:03','2026-07-02 17:33:03'),
('196','9','2023-10-27','08:00:00','17:00:00','0','Hadir','2026-07-02 17:33:03','2026-07-02 17:33:03'),
('197','9','2023-10-30','08:00:00','17:00:00','0','Hadir','2026-07-02 17:33:03','2026-07-02 17:33:03'),
('198','9','2023-10-31','08:00:00','17:00:00','0','Hadir','2026-07-02 17:33:03','2026-07-02 17:33:03'),
('199','10','2023-10-02','08:00:00','17:00:00','0','Hadir','2026-07-02 17:33:03','2026-07-02 17:33:03'),
('200','10','2023-10-03','08:00:00','17:00:00','0','Hadir','2026-07-02 17:33:03','2026-07-02 17:33:03'),
('201','10','2023-10-04','08:00:00','17:00:00','0','Hadir','2026-07-02 17:33:03','2026-07-02 17:33:03'),
('202','10','2023-10-05','08:00:00','17:00:00','0','Hadir','2026-07-02 17:33:03','2026-07-02 17:33:03'),
('203','10','2023-10-06','08:00:00','17:00:00','0','Hadir','2026-07-02 17:33:03','2026-07-02 17:33:03'),
('204','10','2023-10-09','08:00:00','17:00:00','0','Hadir','2026-07-02 17:33:03','2026-07-02 17:33:03'),
('205','10','2023-10-10','08:00:00','17:00:00','0','Hadir','2026-07-02 17:33:03','2026-07-02 17:33:03'),
('206','10','2023-10-11','08:00:00','17:00:00','0','Hadir','2026-07-02 17:33:03','2026-07-02 17:33:03'),
('207','10','2023-10-12','08:00:00','17:00:00','0','Hadir','2026-07-02 17:33:03','2026-07-02 17:33:03'),
('208','10','2023-10-13','08:00:00','17:00:00','0','Hadir','2026-07-02 17:33:03','2026-07-02 17:33:03'),
('209','10','2023-10-16','08:00:00','17:00:00','0','Hadir','2026-07-02 17:33:03','2026-07-02 17:33:03'),
('210','10','2023-10-17','08:00:00','17:00:00','0','Hadir','2026-07-02 17:33:03','2026-07-02 17:33:03'),
('211','10','2023-10-18','08:00:00','17:00:00','0','Hadir','2026-07-02 17:33:03','2026-07-02 17:33:03'),
('212','10','2023-10-19','08:00:00','17:00:00','0','Hadir','2026-07-02 17:33:03','2026-07-02 17:33:03'),
('213','10','2023-10-20','08:00:00','17:00:00','0','Hadir','2026-07-02 17:33:03','2026-07-02 17:33:03'),
('214','10','2023-10-23','08:00:00','17:00:00','0','Hadir','2026-07-02 17:33:03','2026-07-02 17:33:03'),
('215','10','2023-10-24','08:00:00','17:00:00','0','Hadir','2026-07-02 17:33:03','2026-07-02 17:33:03'),
('216','10','2023-10-25','08:00:00','17:00:00','0','Hadir','2026-07-02 17:33:03','2026-07-02 17:33:03'),
('217','10','2023-10-26','08:00:00','17:00:00','0','Hadir','2026-07-02 17:33:03','2026-07-02 17:33:03'),
('218','10','2023-10-27','08:00:00','17:00:00','0','Hadir','2026-07-02 17:33:03','2026-07-02 17:33:03'),
('219','10','2023-10-30','08:00:00','17:00:00','0','Hadir','2026-07-02 17:33:03','2026-07-02 17:33:03'),
('220','10','2023-10-31','08:00:00','17:00:00','0','Hadir','2026-07-02 17:33:03','2026-07-02 17:33:03'),
('221','11','2023-10-02','08:00:00','17:00:00','0','Hadir','2026-07-02 17:33:03','2026-07-02 17:33:03'),
('222','11','2023-10-03','08:00:00','17:00:00','0','Hadir','2026-07-02 17:33:03','2026-07-02 17:33:03'),
('223','11','2023-10-04','08:00:00','17:00:00','0','Hadir','2026-07-02 17:33:03','2026-07-02 17:33:03'),
('224','11','2023-10-05','08:00:00','17:00:00','0','Hadir','2026-07-02 17:33:03','2026-07-02 17:33:03'),
('225','11','2023-10-06','08:00:00','17:00:00','0','Hadir','2026-07-02 17:33:03','2026-07-02 17:33:03'),
('226','11','2023-10-09','08:00:00','17:00:00','0','Hadir','2026-07-02 17:33:03','2026-07-02 17:33:03'),
('227','11','2023-10-10','08:00:00','17:00:00','0','Hadir','2026-07-02 17:33:03','2026-07-02 17:33:03'),
('228','11','2023-10-11','08:00:00','17:00:00','0','Hadir','2026-07-02 17:33:03','2026-07-02 17:33:03'),
('229','11','2023-10-12','08:00:00','17:00:00','0','Hadir','2026-07-02 17:33:03','2026-07-02 17:33:03'),
('230','11','2023-10-13','08:00:00','17:00:00','0','Hadir','2026-07-02 17:33:03','2026-07-02 17:33:03'),
('231','11','2023-10-16','08:00:00','17:00:00','0','Hadir','2026-07-02 17:33:03','2026-07-02 17:33:03'),
('232','11','2023-10-17','08:00:00','17:00:00','0','Hadir','2026-07-02 17:33:03','2026-07-02 17:33:03'),
('233','11','2023-10-18','08:00:00','17:00:00','0','Hadir','2026-07-02 17:33:03','2026-07-02 17:33:03'),
('234','11','2023-10-19','08:00:00','17:00:00','0','Hadir','2026-07-02 17:33:03','2026-07-02 17:33:03'),
('235','11','2023-10-20','08:00:00','17:00:00','0','Hadir','2026-07-02 17:33:03','2026-07-02 17:33:03'),
('236','11','2023-10-23','08:00:00','17:00:00','0','Hadir','2026-07-02 17:33:03','2026-07-02 17:33:03'),
('237','11','2023-10-24','08:00:00','17:00:00','0','Hadir','2026-07-02 17:33:03','2026-07-02 17:33:03'),
('238','11','2023-10-25','08:00:00','17:00:00','0','Hadir','2026-07-02 17:33:03','2026-07-02 17:33:03'),
('239','11','2023-10-26','08:00:00','17:00:00','0','Hadir','2026-07-02 17:33:03','2026-07-02 17:33:03'),
('240','11','2023-10-27','08:00:00','17:00:00','0','Hadir','2026-07-02 17:33:03','2026-07-02 17:33:03'),
('241','11','2023-10-30','08:00:00','17:00:00','0','Hadir','2026-07-02 17:33:03','2026-07-02 17:33:03'),
('242','11','2023-10-31','08:00:00','17:00:00','0','Hadir','2026-07-02 17:33:03','2026-07-02 17:33:03'),
('243','22','2024-10-01',NULL,NULL,'0','Hadir','2026-07-02 20:10:56','2026-07-02 20:10:56'),
('244','22','2024-10-02',NULL,NULL,'0','Hadir','2026-07-02 20:10:56','2026-07-02 20:10:56'),
('245','22','2024-10-03',NULL,NULL,'0','Alpa','2026-07-02 20:10:56','2026-07-02 20:10:56'),
('246','22','2024-10-04',NULL,NULL,'0','Alpa','2026-07-02 20:10:56','2026-07-02 20:10:56'),
('247','22','2024-10-05',NULL,NULL,'0','Cuti','2026-07-02 20:10:56','2026-07-02 20:10:57'),
('248','1','2026-07-02',NULL,NULL,'0','Cuti','2026-07-02 20:14:33','2026-07-09 07:15:09'),
('249','1','2026-07-03',NULL,NULL,'0','Cuti','2026-07-03 10:01:57','2026-07-09 07:15:09'),
('250','2','2026-07-03','06:08:00','14:45:00','0','Hadir','2026-07-03 10:02:43','2026-07-03 10:02:43'),
('251','4','2026-07-03','15:25:00','02:21:00','0','Hadir','2026-07-03 10:03:20','2026-07-03 10:03:20'),
('252','22','2026-07-03',NULL,NULL,'0','Cuti','2026-07-03 10:41:36','2026-07-08 16:42:31'),
('253','5','2026-07-08','10:00:00','22:54:00','6','Hadir','2026-07-08 09:55:24','2026-07-08 09:55:24'),
('255','4','2026-07-08','02:00:00','02:00:00','0','Hadir','2026-07-08 09:56:50','2026-07-08 09:56:50'),
('256','6','2026-07-08','09:57:00','17:12:00','1','Hadir','2026-07-08 09:57:41','2026-07-09 12:18:37'),
('259','20','2026-07-08','10:05:00','15:05:00','0','Hadir','2026-07-08 10:06:31','2026-07-08 10:06:49'),
('260','1','2026-07-08',NULL,NULL,'0','Cuti','2026-07-08 16:41:06','2026-07-09 07:15:09'),
('261','22','2026-07-04',NULL,NULL,'0','Cuti','2026-07-08 16:42:31','2026-07-08 16:42:31'),
('262','22','2026-07-05',NULL,NULL,'0','Cuti','2026-07-08 16:42:31','2026-07-08 16:42:31'),
('263','22','2026-07-06',NULL,NULL,'0','Cuti','2026-07-08 16:42:31','2026-07-08 16:42:31'),
('264','3','2026-07-09',NULL,'17:26:00','1','Hadir','2026-07-09 06:08:58','2026-07-09 12:18:38'),
('265','1','2026-07-09',NULL,NULL,'0','Cuti','2026-07-09 07:11:49','2026-07-09 07:15:09'),
('266','2','2026-07-09','07:12:00','19:00:00','2','Hadir','2026-07-09 07:12:33','2026-07-09 07:12:33'),
('267','1','2026-02-07',NULL,NULL,'0','Cuti','2026-07-09 07:15:08','2026-07-09 07:15:08'),
('268','1','2026-02-08',NULL,NULL,'0','Cuti','2026-07-09 07:15:08','2026-07-09 07:15:08'),
('269','1','2026-02-09',NULL,NULL,'0','Cuti','2026-07-09 07:15:08','2026-07-09 07:15:08'),
('270','1','2026-02-10',NULL,NULL,'0','Cuti','2026-07-09 07:15:08','2026-07-09 07:15:08'),
('271','1','2026-02-11',NULL,NULL,'0','Cuti','2026-07-09 07:15:08','2026-07-09 07:15:08'),
('272','1','2026-02-12',NULL,NULL,'0','Cuti','2026-07-09 07:15:08','2026-07-09 07:15:08'),
('273','1','2026-02-13',NULL,NULL,'0','Cuti','2026-07-09 07:15:08','2026-07-09 07:15:08'),
('274','1','2026-02-14',NULL,NULL,'0','Cuti','2026-07-09 07:15:08','2026-07-09 07:15:08'),
('275','1','2026-02-15',NULL,NULL,'0','Cuti','2026-07-09 07:15:08','2026-07-09 07:15:08'),
('276','1','2026-02-16',NULL,NULL,'0','Cuti','2026-07-09 07:15:08','2026-07-09 07:15:08'),
('277','1','2026-02-17',NULL,NULL,'0','Cuti','2026-07-09 07:15:08','2026-07-09 07:15:08'),
('278','1','2026-02-18',NULL,NULL,'0','Cuti','2026-07-09 07:15:08','2026-07-09 07:15:08'),
('279','1','2026-02-19',NULL,NULL,'0','Cuti','2026-07-09 07:15:08','2026-07-09 07:15:08'),
('280','1','2026-02-20',NULL,NULL,'0','Cuti','2026-07-09 07:15:08','2026-07-09 07:15:08'),
('281','1','2026-02-21',NULL,NULL,'0','Cuti','2026-07-09 07:15:08','2026-07-09 07:15:08'),
('282','1','2026-02-22',NULL,NULL,'0','Cuti','2026-07-09 07:15:08','2026-07-09 07:15:08'),
('283','1','2026-02-23',NULL,NULL,'0','Cuti','2026-07-09 07:15:08','2026-07-09 07:15:08'),
('284','1','2026-02-24',NULL,NULL,'0','Cuti','2026-07-09 07:15:08','2026-07-09 07:15:08'),
('285','1','2026-02-25',NULL,NULL,'0','Cuti','2026-07-09 07:15:08','2026-07-09 07:15:08'),
('286','1','2026-02-26',NULL,NULL,'0','Cuti','2026-07-09 07:15:08','2026-07-09 07:15:08'),
('287','1','2026-02-27',NULL,NULL,'0','Cuti','2026-07-09 07:15:08','2026-07-09 07:15:08'),
('288','1','2026-02-28',NULL,NULL,'0','Cuti','2026-07-09 07:15:08','2026-07-09 07:15:08'),
('289','1','2026-03-01',NULL,NULL,'0','Cuti','2026-07-09 07:15:08','2026-07-09 07:15:08'),
('290','1','2026-03-02',NULL,NULL,'0','Cuti','2026-07-09 07:15:08','2026-07-09 07:15:08'),
('291','1','2026-03-03',NULL,NULL,'0','Cuti','2026-07-09 07:15:08','2026-07-09 07:15:08'),
('292','1','2026-03-04',NULL,NULL,'0','Cuti','2026-07-09 07:15:08','2026-07-09 07:15:08'),
('293','1','2026-03-05',NULL,NULL,'0','Cuti','2026-07-09 07:15:08','2026-07-09 07:15:08'),
('294','1','2026-03-06',NULL,NULL,'0','Cuti','2026-07-09 07:15:08','2026-07-09 07:15:08'),
('295','1','2026-03-07',NULL,NULL,'0','Cuti','2026-07-09 07:15:08','2026-07-09 07:15:08'),
('296','1','2026-03-08',NULL,NULL,'0','Cuti','2026-07-09 07:15:08','2026-07-09 07:15:08'),
('297','1','2026-03-09',NULL,NULL,'0','Cuti','2026-07-09 07:15:08','2026-07-09 07:15:08'),
('298','1','2026-03-10',NULL,NULL,'0','Cuti','2026-07-09 07:15:08','2026-07-09 07:15:08'),
('299','1','2026-03-11',NULL,NULL,'0','Cuti','2026-07-09 07:15:08','2026-07-09 07:15:08'),
('300','1','2026-03-12',NULL,NULL,'0','Cuti','2026-07-09 07:15:08','2026-07-09 07:15:08'),
('301','1','2026-03-13',NULL,NULL,'0','Cuti','2026-07-09 07:15:08','2026-07-09 07:15:08'),
('302','1','2026-03-14',NULL,NULL,'0','Cuti','2026-07-09 07:15:08','2026-07-09 07:15:08'),
('303','1','2026-03-15',NULL,NULL,'0','Cuti','2026-07-09 07:15:08','2026-07-09 07:15:08'),
('304','1','2026-03-16',NULL,NULL,'0','Cuti','2026-07-09 07:15:08','2026-07-09 07:15:08'),
('305','1','2026-03-17',NULL,NULL,'0','Cuti','2026-07-09 07:15:08','2026-07-09 07:15:08'),
('306','1','2026-03-18',NULL,NULL,'0','Cuti','2026-07-09 07:15:08','2026-07-09 07:15:08'),
('307','1','2026-03-19',NULL,NULL,'0','Cuti','2026-07-09 07:15:08','2026-07-09 07:15:08'),
('308','1','2026-03-20',NULL,NULL,'0','Cuti','2026-07-09 07:15:08','2026-07-09 07:15:08'),
('309','1','2026-03-21',NULL,NULL,'0','Cuti','2026-07-09 07:15:08','2026-07-09 07:15:08'),
('310','1','2026-03-22',NULL,NULL,'0','Cuti','2026-07-09 07:15:08','2026-07-09 07:15:08'),
('311','1','2026-03-23',NULL,NULL,'0','Cuti','2026-07-09 07:15:08','2026-07-09 07:15:08'),
('312','1','2026-03-24',NULL,NULL,'0','Cuti','2026-07-09 07:15:08','2026-07-09 07:15:08'),
('313','1','2026-03-25',NULL,NULL,'0','Cuti','2026-07-09 07:15:08','2026-07-09 07:15:08'),
('314','1','2026-03-26',NULL,NULL,'0','Cuti','2026-07-09 07:15:08','2026-07-09 07:15:08'),
('315','1','2026-03-27',NULL,NULL,'0','Cuti','2026-07-09 07:15:08','2026-07-09 07:15:08'),
('316','1','2026-03-28',NULL,NULL,'0','Cuti','2026-07-09 07:15:08','2026-07-09 07:15:08'),
('317','1','2026-03-29',NULL,NULL,'0','Cuti','2026-07-09 07:15:08','2026-07-09 07:15:08'),
('318','1','2026-03-30',NULL,NULL,'0','Cuti','2026-07-09 07:15:08','2026-07-09 07:15:08'),
('319','1','2026-03-31',NULL,NULL,'0','Cuti','2026-07-09 07:15:08','2026-07-09 07:15:08'),
('320','1','2026-04-01',NULL,NULL,'0','Cuti','2026-07-09 07:15:08','2026-07-09 07:15:08'),
('321','1','2026-04-02',NULL,NULL,'0','Cuti','2026-07-09 07:15:08','2026-07-09 07:15:08'),
('322','1','2026-04-03',NULL,NULL,'0','Cuti','2026-07-09 07:15:08','2026-07-09 07:15:08'),
('323','1','2026-04-04',NULL,NULL,'0','Cuti','2026-07-09 07:15:08','2026-07-09 07:15:08'),
('324','1','2026-04-05',NULL,NULL,'0','Cuti','2026-07-09 07:15:08','2026-07-09 07:15:08'),
('325','1','2026-04-06',NULL,NULL,'0','Cuti','2026-07-09 07:15:08','2026-07-09 07:15:08'),
('326','1','2026-04-07',NULL,NULL,'0','Cuti','2026-07-09 07:15:08','2026-07-09 07:15:08'),
('327','1','2026-04-08',NULL,NULL,'0','Cuti','2026-07-09 07:15:08','2026-07-09 07:15:08'),
('328','1','2026-04-09',NULL,NULL,'0','Cuti','2026-07-09 07:15:08','2026-07-09 07:15:08'),
('329','1','2026-04-10',NULL,NULL,'0','Cuti','2026-07-09 07:15:08','2026-07-09 07:15:08'),
('330','1','2026-04-11',NULL,NULL,'0','Cuti','2026-07-09 07:15:08','2026-07-09 07:15:08'),
('331','1','2026-04-12',NULL,NULL,'0','Cuti','2026-07-09 07:15:08','2026-07-09 07:15:08'),
('332','1','2026-04-13',NULL,NULL,'0','Cuti','2026-07-09 07:15:08','2026-07-09 07:15:08'),
('333','1','2026-04-14',NULL,NULL,'0','Cuti','2026-07-09 07:15:08','2026-07-09 07:15:08'),
('334','1','2026-04-15',NULL,NULL,'0','Cuti','2026-07-09 07:15:08','2026-07-09 07:15:08'),
('335','1','2026-04-16',NULL,NULL,'0','Cuti','2026-07-09 07:15:08','2026-07-09 07:15:08'),
('336','1','2026-04-17',NULL,NULL,'0','Cuti','2026-07-09 07:15:08','2026-07-09 07:15:08'),
('337','1','2026-04-18',NULL,NULL,'0','Cuti','2026-07-09 07:15:08','2026-07-09 07:15:08'),
('338','1','2026-04-19',NULL,NULL,'0','Cuti','2026-07-09 07:15:08','2026-07-09 07:15:08'),
('339','1','2026-04-20',NULL,NULL,'0','Cuti','2026-07-09 07:15:08','2026-07-09 07:15:08'),
('340','1','2026-04-21',NULL,NULL,'0','Cuti','2026-07-09 07:15:08','2026-07-09 07:15:08'),
('341','1','2026-04-22',NULL,NULL,'0','Cuti','2026-07-09 07:15:08','2026-07-09 07:15:08'),
('342','1','2026-04-23',NULL,NULL,'0','Cuti','2026-07-09 07:15:08','2026-07-09 07:15:08'),
('343','1','2026-04-24',NULL,NULL,'0','Cuti','2026-07-09 07:15:08','2026-07-09 07:15:08'),
('344','1','2026-04-25',NULL,NULL,'0','Cuti','2026-07-09 07:15:08','2026-07-09 07:15:08'),
('345','1','2026-04-26',NULL,NULL,'0','Cuti','2026-07-09 07:15:08','2026-07-09 07:15:08'),
('346','1','2026-04-27',NULL,NULL,'0','Cuti','2026-07-09 07:15:08','2026-07-09 07:15:08'),
('347','1','2026-04-28',NULL,NULL,'0','Cuti','2026-07-09 07:15:08','2026-07-09 07:15:08'),
('348','1','2026-04-29',NULL,NULL,'0','Cuti','2026-07-09 07:15:08','2026-07-09 07:15:08'),
('349','1','2026-04-30',NULL,NULL,'0','Cuti','2026-07-09 07:15:08','2026-07-09 07:15:08'),
('350','1','2026-05-01',NULL,NULL,'0','Cuti','2026-07-09 07:15:08','2026-07-09 07:15:08'),
('351','1','2026-05-02',NULL,NULL,'0','Cuti','2026-07-09 07:15:08','2026-07-09 07:15:08'),
('352','1','2026-05-03',NULL,NULL,'0','Cuti','2026-07-09 07:15:08','2026-07-09 07:15:08'),
('353','1','2026-05-04',NULL,NULL,'0','Cuti','2026-07-09 07:15:08','2026-07-09 07:15:08'),
('354','1','2026-05-05',NULL,NULL,'0','Cuti','2026-07-09 07:15:08','2026-07-09 07:15:08'),
('355','1','2026-05-06',NULL,NULL,'0','Cuti','2026-07-09 07:15:08','2026-07-09 07:15:08'),
('356','1','2026-05-07',NULL,NULL,'0','Cuti','2026-07-09 07:15:08','2026-07-09 07:15:08'),
('357','1','2026-05-08',NULL,NULL,'0','Cuti','2026-07-09 07:15:08','2026-07-09 07:15:08'),
('358','1','2026-05-09',NULL,NULL,'0','Cuti','2026-07-09 07:15:08','2026-07-09 07:15:08'),
('359','1','2026-05-10',NULL,NULL,'0','Cuti','2026-07-09 07:15:08','2026-07-09 07:15:08'),
('360','1','2026-05-11',NULL,NULL,'0','Cuti','2026-07-09 07:15:08','2026-07-09 07:15:08'),
('361','1','2026-05-12',NULL,NULL,'0','Cuti','2026-07-09 07:15:08','2026-07-09 07:15:08'),
('362','1','2026-05-13',NULL,NULL,'0','Cuti','2026-07-09 07:15:08','2026-07-09 07:15:08'),
('363','1','2026-05-14',NULL,NULL,'0','Cuti','2026-07-09 07:15:08','2026-07-09 07:15:08'),
('364','1','2026-05-15',NULL,NULL,'0','Cuti','2026-07-09 07:15:08','2026-07-09 07:15:08'),
('365','1','2026-05-16',NULL,NULL,'0','Cuti','2026-07-09 07:15:08','2026-07-09 07:15:08'),
('366','1','2026-05-17',NULL,NULL,'0','Cuti','2026-07-09 07:15:08','2026-07-09 07:15:08'),
('367','1','2026-05-18',NULL,NULL,'0','Cuti','2026-07-09 07:15:08','2026-07-09 07:15:08'),
('368','1','2026-05-19',NULL,NULL,'0','Cuti','2026-07-09 07:15:08','2026-07-09 07:15:08'),
('369','1','2026-05-20',NULL,NULL,'0','Cuti','2026-07-09 07:15:08','2026-07-09 07:15:08'),
('370','1','2026-05-21',NULL,NULL,'0','Cuti','2026-07-09 07:15:08','2026-07-09 07:15:08'),
('371','1','2026-05-22',NULL,NULL,'0','Cuti','2026-07-09 07:15:09','2026-07-09 07:15:09'),
('372','1','2026-05-23',NULL,NULL,'0','Cuti','2026-07-09 07:15:09','2026-07-09 07:15:09'),
('373','1','2026-05-24',NULL,NULL,'0','Cuti','2026-07-09 07:15:09','2026-07-09 07:15:09'),
('374','1','2026-05-25',NULL,NULL,'0','Cuti','2026-07-09 07:15:09','2026-07-09 07:15:09'),
('375','1','2026-05-26',NULL,NULL,'0','Cuti','2026-07-09 07:15:09','2026-07-09 07:15:09'),
('376','1','2026-05-27',NULL,NULL,'0','Cuti','2026-07-09 07:15:09','2026-07-09 07:15:09'),
('377','1','2026-05-28',NULL,NULL,'0','Cuti','2026-07-09 07:15:09','2026-07-09 07:15:09'),
('378','1','2026-05-29',NULL,NULL,'0','Cuti','2026-07-09 07:15:09','2026-07-09 07:15:09'),
('379','1','2026-05-30',NULL,NULL,'0','Cuti','2026-07-09 07:15:09','2026-07-09 07:15:09'),
('380','1','2026-05-31',NULL,NULL,'0','Cuti','2026-07-09 07:15:09','2026-07-09 07:15:09'),
('381','1','2026-06-01',NULL,NULL,'0','Cuti','2026-07-09 07:15:09','2026-07-09 07:15:09'),
('382','1','2026-06-02',NULL,NULL,'0','Cuti','2026-07-09 07:15:09','2026-07-09 07:15:09'),
('383','1','2026-06-03',NULL,NULL,'0','Cuti','2026-07-09 07:15:09','2026-07-09 07:15:09'),
('384','1','2026-06-04',NULL,NULL,'0','Cuti','2026-07-09 07:15:09','2026-07-09 07:15:09'),
('385','1','2026-06-05',NULL,NULL,'0','Cuti','2026-07-09 07:15:09','2026-07-09 07:15:09'),
('386','1','2026-06-06',NULL,NULL,'0','Cuti','2026-07-09 07:15:09','2026-07-09 07:15:09'),
('387','1','2026-06-07',NULL,NULL,'0','Cuti','2026-07-09 07:15:09','2026-07-09 07:15:09'),
('388','1','2026-06-08',NULL,NULL,'0','Cuti','2026-07-09 07:15:09','2026-07-09 07:15:09'),
('389','1','2026-06-09',NULL,NULL,'0','Cuti','2026-07-09 07:15:09','2026-07-09 07:15:09'),
('390','1','2026-06-10',NULL,NULL,'0','Cuti','2026-07-09 07:15:09','2026-07-09 07:15:09'),
('391','1','2026-06-11',NULL,NULL,'0','Cuti','2026-07-09 07:15:09','2026-07-09 07:15:09'),
('392','1','2026-06-12',NULL,NULL,'0','Cuti','2026-07-09 07:15:09','2026-07-09 07:15:09'),
('393','1','2026-06-13',NULL,NULL,'0','Cuti','2026-07-09 07:15:09','2026-07-09 07:15:09'),
('394','1','2026-06-14',NULL,NULL,'0','Cuti','2026-07-09 07:15:09','2026-07-09 07:15:09'),
('395','1','2026-06-15',NULL,NULL,'0','Cuti','2026-07-09 07:15:09','2026-07-09 07:15:09'),
('396','1','2026-06-16',NULL,NULL,'0','Cuti','2026-07-09 07:15:09','2026-07-09 07:15:09'),
('397','1','2026-06-17',NULL,NULL,'0','Cuti','2026-07-09 07:15:09','2026-07-09 07:15:09'),
('398','1','2026-06-18',NULL,NULL,'0','Cuti','2026-07-09 07:15:09','2026-07-09 07:15:09'),
('399','1','2026-06-19',NULL,NULL,'0','Cuti','2026-07-09 07:15:09','2026-07-09 07:15:09'),
('400','1','2026-06-20',NULL,NULL,'0','Cuti','2026-07-09 07:15:09','2026-07-09 07:15:09'),
('401','1','2026-06-21',NULL,NULL,'0','Cuti','2026-07-09 07:15:09','2026-07-09 07:15:09'),
('402','1','2026-06-22',NULL,NULL,'0','Cuti','2026-07-09 07:15:09','2026-07-09 07:15:09'),
('403','1','2026-06-23',NULL,NULL,'0','Cuti','2026-07-09 07:15:09','2026-07-09 07:15:09'),
('404','1','2026-06-24',NULL,NULL,'0','Cuti','2026-07-09 07:15:09','2026-07-09 07:15:09'),
('405','1','2026-06-25',NULL,NULL,'0','Cuti','2026-07-09 07:15:09','2026-07-09 07:15:09'),
('406','1','2026-06-26',NULL,NULL,'0','Cuti','2026-07-09 07:15:09','2026-07-09 07:15:09'),
('407','1','2026-06-27',NULL,NULL,'0','Cuti','2026-07-09 07:15:09','2026-07-09 07:15:09'),
('408','1','2026-06-28',NULL,NULL,'0','Cuti','2026-07-09 07:15:09','2026-07-09 07:15:09'),
('409','1','2026-06-29',NULL,NULL,'0','Cuti','2026-07-09 07:15:09','2026-07-09 07:15:09'),
('410','1','2026-06-30',NULL,NULL,'0','Cuti','2026-07-09 07:15:09','2026-07-09 07:15:09'),
('411','1','2026-07-01',NULL,NULL,'0','Cuti','2026-07-09 07:15:09','2026-07-09 07:15:09'),
('412','1','2026-07-04',NULL,NULL,'0','Cuti','2026-07-09 07:15:09','2026-07-09 07:15:09'),
('413','1','2026-07-05',NULL,NULL,'0','Cuti','2026-07-09 07:15:09','2026-07-09 07:15:09'),
('414','1','2026-07-06',NULL,NULL,'0','Cuti','2026-07-09 07:15:09','2026-07-09 07:15:09'),
('415','1','2026-07-07',NULL,NULL,'0','Cuti','2026-07-09 07:15:09','2026-07-09 07:15:09'),
('416','1','2026-07-10',NULL,NULL,'0','Cuti','2026-07-09 07:15:09','2026-07-09 07:15:09'),
('417','1','2026-07-11',NULL,NULL,'0','Cuti','2026-07-09 07:15:09','2026-07-09 07:15:09'),
('418','1','2026-07-12',NULL,NULL,'0','Cuti','2026-07-09 07:15:09','2026-07-09 07:15:09'),
('419','1','2026-07-13',NULL,NULL,'0','Cuti','2026-07-09 07:15:09','2026-07-09 07:15:09'),
('420','1','2026-07-14',NULL,NULL,'0','Cuti','2026-07-09 07:15:09','2026-07-09 07:15:09'),
('421','1','2026-07-15',NULL,NULL,'0','Cuti','2026-07-09 07:15:09','2026-07-09 07:15:09'),
('422','1','2026-07-16',NULL,NULL,'0','Cuti','2026-07-09 07:15:09','2026-07-09 07:15:09'),
('423','1','2026-07-17',NULL,NULL,'0','Cuti','2026-07-09 07:15:09','2026-07-09 07:15:09'),
('424','1','2026-07-18',NULL,NULL,'0','Cuti','2026-07-09 07:15:09','2026-07-09 07:15:09'),
('425','1','2026-07-19',NULL,NULL,'0','Cuti','2026-07-09 07:15:09','2026-07-09 07:15:09'),
('426','1','2026-07-20',NULL,NULL,'0','Cuti','2026-07-09 07:15:09','2026-07-09 07:15:09'),
('427','1','2026-07-21',NULL,NULL,'0','Cuti','2026-07-09 07:15:09','2026-07-09 07:15:09'),
('428','1','2026-07-22',NULL,NULL,'0','Cuti','2026-07-09 07:15:09','2026-07-09 07:15:09'),
('429','1','2026-07-23',NULL,NULL,'0','Cuti','2026-07-09 07:15:09','2026-07-09 07:15:09'),
('430','1','2026-07-24',NULL,NULL,'0','Cuti','2026-07-09 07:15:09','2026-07-09 07:15:09'),
('431','1','2026-07-25',NULL,NULL,'0','Cuti','2026-07-09 07:15:09','2026-07-09 07:15:09'),
('432','1','2026-07-26',NULL,NULL,'0','Cuti','2026-07-09 07:15:09','2026-07-09 07:15:09'),
('433','1','2026-07-27',NULL,NULL,'0','Cuti','2026-07-09 07:15:09','2026-07-09 07:15:09'),
('434','1','2026-07-28',NULL,NULL,'0','Cuti','2026-07-09 07:15:09','2026-07-09 07:15:09'),
('435','1','2026-07-29',NULL,NULL,'0','Cuti','2026-07-09 07:15:09','2026-07-09 07:15:09'),
('436','1','2026-07-30',NULL,NULL,'0','Cuti','2026-07-09 07:15:09','2026-07-09 07:15:09'),
('437','1','2026-07-31',NULL,NULL,'0','Cuti','2026-07-09 07:15:09','2026-07-09 07:15:09'),
('438','1','2026-08-01',NULL,NULL,'0','Cuti','2026-07-09 07:15:09','2026-07-09 07:15:09'),
('439','1','2026-08-02',NULL,NULL,'0','Cuti','2026-07-09 07:15:09','2026-07-09 07:15:09'),
('440','1','2026-08-03',NULL,NULL,'0','Cuti','2026-07-09 07:15:09','2026-07-09 07:15:09'),
('441','1','2026-08-04',NULL,NULL,'0','Cuti','2026-07-09 07:15:09','2026-07-09 07:15:09'),
('442','1','2026-08-05',NULL,NULL,'0','Cuti','2026-07-09 07:15:09','2026-07-09 07:15:09'),
('443','1','2026-08-06',NULL,NULL,'0','Cuti','2026-07-09 07:15:09','2026-07-09 07:15:09'),
('444','1','2026-08-07',NULL,NULL,'0','Cuti','2026-07-09 07:15:09','2026-07-09 07:15:09'),
('445','1','2026-08-08',NULL,NULL,'0','Cuti','2026-07-09 07:15:09','2026-07-09 07:15:09'),
('446','1','2026-08-09',NULL,NULL,'0','Cuti','2026-07-09 07:15:09','2026-07-09 07:15:09'),
('447','1','2026-08-10',NULL,NULL,'0','Cuti','2026-07-09 07:15:09','2026-07-09 07:15:09'),
('448','1','2026-08-11',NULL,NULL,'0','Cuti','2026-07-09 07:15:09','2026-07-09 07:15:09'),
('449','1','2026-08-12',NULL,NULL,'0','Cuti','2026-07-09 07:15:09','2026-07-09 07:15:09'),
('450','1','2026-08-13',NULL,NULL,'0','Cuti','2026-07-09 07:15:09','2026-07-09 07:15:09'),
('451','1','2026-08-14',NULL,NULL,'0','Cuti','2026-07-09 07:15:09','2026-07-09 07:15:09'),
('452','1','2026-08-15',NULL,NULL,'0','Cuti','2026-07-09 07:15:09','2026-07-09 07:15:09'),
('453','1','2026-08-16',NULL,NULL,'0','Cuti','2026-07-09 07:15:09','2026-07-09 07:15:09'),
('454','1','2026-08-17',NULL,NULL,'0','Cuti','2026-07-09 07:15:09','2026-07-09 07:15:09'),
('455','1','2026-08-18',NULL,NULL,'0','Cuti','2026-07-09 07:15:09','2026-07-09 07:15:09'),
('456','1','2026-08-19',NULL,NULL,'0','Cuti','2026-07-09 07:15:09','2026-07-09 07:15:09'),
('457','1','2026-08-20',NULL,NULL,'0','Cuti','2026-07-09 07:15:09','2026-07-09 07:15:09'),
('458','1','2026-08-21',NULL,NULL,'0','Cuti','2026-07-09 07:15:09','2026-07-09 07:15:09'),
('459','1','2026-08-22',NULL,NULL,'0','Cuti','2026-07-09 07:15:09','2026-07-09 07:15:09'),
('460','1','2026-08-23',NULL,NULL,'0','Cuti','2026-07-09 07:15:09','2026-07-09 07:15:09'),
('461','1','2026-08-24',NULL,NULL,'0','Cuti','2026-07-09 07:15:09','2026-07-09 07:15:09'),
('462','1','2026-08-25',NULL,NULL,'0','Cuti','2026-07-09 07:15:09','2026-07-09 07:15:09'),
('463','1','2026-08-26',NULL,NULL,'0','Cuti','2026-07-09 07:15:09','2026-07-09 07:15:09'),
('464','1','2026-08-27',NULL,NULL,'0','Cuti','2026-07-09 07:15:09','2026-07-09 07:15:09'),
('465','1','2026-08-28',NULL,NULL,'0','Cuti','2026-07-09 07:15:09','2026-07-09 07:15:09'),
('467','1','2026-08-30',NULL,NULL,'0','Cuti','2026-07-09 07:15:09','2026-07-09 07:15:09'),
('468','1','2026-08-31',NULL,NULL,'0','Cuti','2026-07-09 07:15:09','2026-07-09 07:15:09'),
('469','1','2026-09-01',NULL,NULL,'0','Cuti','2026-07-09 07:15:09','2026-07-09 07:15:09'),
('470','1','2026-09-02',NULL,NULL,'0','Cuti','2026-07-09 07:15:09','2026-07-09 07:15:09'),
('471','1','2026-09-03',NULL,NULL,'0','Cuti','2026-07-09 07:15:09','2026-07-09 07:15:09'),
('472','1','2026-09-04',NULL,NULL,'0','Cuti','2026-07-09 07:15:09','2026-07-09 07:15:09'),
('473','1','2026-09-05',NULL,NULL,'0','Cuti','2026-07-09 07:15:09','2026-07-09 07:15:09'),
('474','1','2026-09-06',NULL,NULL,'0','Cuti','2026-07-09 07:15:09','2026-07-09 07:15:09'),
('475','1','2026-09-07',NULL,NULL,'0','Cuti','2026-07-09 07:15:09','2026-07-09 07:15:09'),
('476','22','2026-07-09',NULL,'11:01:00','0','Cuti','2026-07-09 08:21:49','2026-07-09 11:01:39'),
('477','22','2026-07-10',NULL,NULL,'0','Cuti','2026-07-09 08:24:01','2026-07-09 08:24:01'),
('478','22','2026-07-11',NULL,NULL,'0','Cuti','2026-07-09 08:24:01','2026-07-09 08:24:01'),
('480','5','2026-07-09','11:13:00','11:13:00','19','Hadir','2026-07-09 11:13:34','2026-07-09 12:27:01'),
('482','6','2026-07-09','12:09:00','12:09:00','20','Hadir','2026-07-09 12:09:28','2026-07-09 12:26:46'),
('484','4','2026-07-09','12:10:00','00:10:00','8','Hadir','2026-07-09 12:10:58','2026-07-09 12:26:51'),
('485','23','2026-07-09','00:20:00','19:00:00','2','Hadir','2026-07-09 12:20:06','2026-07-09 12:20:23'),
('486','24','2026-07-09','00:27:00','00:26:00','0','Hadir','2026-07-09 12:21:17','2026-07-09 12:33:05');

DROP TABLE IF EXISTS `cache`;
CREATE TABLE `cache` (
  `key` varchar(255) COLLATE utf8mb4_unicode_ci NOT NULL,
  `value` mediumtext COLLATE utf8mb4_unicode_ci NOT NULL,
  `expiration` bigint NOT NULL,
  PRIMARY KEY (`key`),
  KEY `cache_expiration_index` (`expiration`)
) ENGINE=InnoDB DEFAULT CHARSET=utf8mb4 COLLATE=utf8mb4_unicode_ci;

DROP TABLE IF EXISTS `cache_locks`;
CREATE TABLE `cache_locks` (
  `key` varchar(255) COLLATE utf8mb4_unicode_ci NOT NULL,
  `owner` varchar(255) COLLATE utf8mb4_unicode_ci NOT NULL,
  `expiration` bigint NOT NULL,
  PRIMARY KEY (`key`),
  KEY `cache_locks_expiration_index` (`expiration`)
) ENGINE=InnoDB DEFAULT CHARSET=utf8mb4 COLLATE=utf8mb4_unicode_ci;

DROP TABLE IF EXISTS `deductions`;
CREATE TABLE `deductions` (
  `id` bigint unsigned NOT NULL AUTO_INCREMENT,
  `employee_id` bigint unsigned NOT NULL,
  `name` varchar(255) COLLATE utf8mb4_unicode_ci NOT NULL,
  `amount` decimal(15,2) NOT NULL,
  `type` enum('Tetap','Variabel') COLLATE utf8mb4_unicode_ci NOT NULL,
  `created_at` timestamp NULL DEFAULT NULL,
  `updated_at` timestamp NULL DEFAULT NULL,
  PRIMARY KEY (`id`),
  KEY `deductions_employee_id_foreign` (`employee_id`),
  CONSTRAINT `deductions_employee_id_foreign` FOREIGN KEY (`employee_id`) REFERENCES `employees` (`id`) ON DELETE CASCADE
) ENGINE=InnoDB AUTO_INCREMENT=14 DEFAULT CHARSET=utf8mb4 COLLATE=utf8mb4_unicode_ci;

INSERT INTO `deductions` VALUES 
('1','1','Potongan BPJS Kesehatan','150000.00','Tetap','2026-07-02 17:33:02','2026-07-02 17:33:02'),
('2','2','Potongan BPJS','61754.00','Tetap','2026-07-02 17:33:02','2026-07-02 17:33:02'),
('3','3','Potongan BPJS','138160.00','Tetap','2026-07-02 17:33:02','2026-07-02 17:33:02'),
('4','4','Potongan Keterlambatan','31426.00','Variabel','2026-07-02 17:33:02','2026-07-02 17:33:02'),
('5','5','Potongan Koperasi','30773.00','Variabel','2026-07-02 17:33:02','2026-07-02 17:33:02'),
('6','6','Potongan BPJS','190361.00','Variabel','2026-07-02 17:33:02','2026-07-02 17:33:02'),
('7','7','Potongan BPJS','111987.00','Variabel','2026-07-02 17:33:02','2026-07-02 17:33:02'),
('8','8','Potongan Keterlambatan','43959.00','Variabel','2026-07-02 17:33:02','2026-07-02 17:33:02'),
('9','9','Potongan Keterlambatan','176355.00','Variabel','2026-07-02 17:33:02','2026-07-02 17:33:02'),
('10','10','Potongan BPJS','56318.00','Tetap','2026-07-02 17:33:02','2026-07-02 17:33:02'),
('11','11','Potongan BPJS','183556.00','Tetap','2026-07-02 17:33:02','2026-07-02 17:33:02'),
('12','22','BPJS Kesehatan','100000.00','Tetap','2026-07-02 20:10:56','2026-07-02 20:10:56'),
('13','23','Potongan Test','100000.00','Tetap','2026-07-03 09:57:50','2026-07-03 09:57:50');

DROP TABLE IF EXISTS `departments`;
CREATE TABLE `departments` (
  `id` bigint unsigned NOT NULL AUTO_INCREMENT,
  `name` varchar(255) COLLATE utf8mb4_unicode_ci NOT NULL,
  `description` text COLLATE utf8mb4_unicode_ci,
  `created_at` timestamp NULL DEFAULT NULL,
  `updated_at` timestamp NULL DEFAULT NULL,
  PRIMARY KEY (`id`)
) ENGINE=InnoDB AUTO_INCREMENT=30 DEFAULT CHARSET=utf8mb4 COLLATE=utf8mb4_unicode_ci;

INSERT INTO `departments` VALUES 
('1','SDM','Departemen Sumber Daya Manusia','2026-07-02 17:33:02','2026-07-02 17:33:02'),
('2','Keuangan','Departemen Keuangan','2026-07-02 17:33:02','2026-07-02 17:33:02'),
('3','TI','Departemen Teknologi Informasi','2026-07-02 17:33:02','2026-07-02 17:33:02'),
('4','Mayer, Gerhold and Koepp','Qui ut voluptas perferendis vel occaecati eum nihil.','2026-07-02 17:33:02','2026-07-02 17:33:02'),
('5','Zemlak-Thiel','Facilis minus et repellendus quia molestias aliquam non.','2026-07-02 17:33:02','2026-07-02 17:33:02'),
('6','Fritsch Ltd','Quos quaerat qui aliquam et aut animi.','2026-07-02 17:33:02','2026-07-02 17:33:02'),
('7','Ferry LLC','Autem autem quia autem.','2026-07-02 17:33:02','2026-07-02 17:33:02'),
('8','Murazik Inc','Eligendi voluptatum laborum ipsa sed similique quaerat eius qui.','2026-07-02 17:33:02','2026-07-02 17:33:02'),
('9','Gerlach, Paucek and Roberts','Totam nihil consequatur totam et dignissimos.','2026-07-02 17:33:02','2026-07-02 17:33:02'),
('10','Harris Ltd','Nihil dignissimos et velit.','2026-07-02 17:33:02','2026-07-02 17:33:02'),
('11','Denesik, Denesik and O\'Keefe','Explicabo similique aut sed ex.','2026-07-02 17:33:02','2026-07-02 17:33:02'),
('12','Ratke-Hermann','Ratione fugiat et nostrum tempore nostrum.','2026-07-02 17:33:02','2026-07-02 17:33:02'),
('13','Roob LLC','Qui fugit debitis ut molestias ab et molestias.','2026-07-02 17:33:02','2026-07-02 17:33:02'),
('14','Kessler Group','Sunt quis reiciendis ipsum autem autem maiores.','2026-07-02 17:33:03','2026-07-02 17:33:03'),
('15','Block-Kozey','Voluptatum ipsa dolorum ea iusto omnis culpa dolore.','2026-07-02 17:33:03','2026-07-02 17:33:03'),
('16','Dooley-Hegmann','Reiciendis in ut mollitia consequatur.','2026-07-02 17:33:03','2026-07-02 17:33:03'),
('17','Brown-Gorczany','Sunt iure et ea sed exercitationem ut dolor aspernatur.','2026-07-02 17:33:03','2026-07-02 17:33:03'),
('18','Keebler, Mitchell and Lemke','Animi explicabo unde qui sed.','2026-07-02 17:33:03','2026-07-02 17:33:03'),
('19','Kshlerin-Kling','Voluptates non nobis laborum vitae odio assumenda nostrum.','2026-07-02 17:33:03','2026-07-02 17:33:03'),
('20','Hodkiewicz, Johns and Blanda','Voluptatem omnis omnis ipsam at.','2026-07-02 17:33:03','2026-07-02 17:33:03'),
('21','Cartwright, Christiansen and Schroeder','Dolore et aut sed.','2026-07-02 17:33:03','2026-07-02 17:33:03'),
('22','Kovacek, Spencer and Bruen','Libero est veniam praesentium aperiam consectetur quis.','2026-07-02 17:33:03','2026-07-02 17:33:03'),
('23','Jacobs Group','Iste saepe reprehenderit voluptas voluptas at.','2026-07-02 17:33:03','2026-07-02 17:33:03'),
('24','IT Department',NULL,'2026-07-02 19:25:23','2026-07-02 19:25:23'),
('25','Departemen Test','Test Desc','2026-07-03 09:47:35','2026-07-03 09:47:35'),
('26','Departemen Test','Test Desc','2026-07-03 09:57:16','2026-07-03 09:57:16'),
('27','Departemen Test 1783043870','Test Desc','2026-07-03 09:57:50','2026-07-03 09:57:50'),
('28','test','test','2026-07-03 10:01:14','2026-07-03 10:01:14'),
('29','Prodi Teknologi Informasi',NULL,'2026-07-08 16:39:46','2026-07-08 16:39:46');

DROP TABLE IF EXISTS `employees`;
CREATE TABLE `employees` (
  `id` bigint unsigned NOT NULL AUTO_INCREMENT,
  `employee_number` varchar(255) COLLATE utf8mb4_unicode_ci NOT NULL,
  `first_name` varchar(255) COLLATE utf8mb4_unicode_ci NOT NULL,
  `last_name` varchar(255) COLLATE utf8mb4_unicode_ci NOT NULL,
  `ptkp_status` varchar(255) COLLATE utf8mb4_unicode_ci NOT NULL,
  `join_date` date NOT NULL,
  `department_id` bigint unsigned NOT NULL,
  `position_id` bigint unsigned NOT NULL,
  `user_id` bigint unsigned DEFAULT NULL,
  `created_at` timestamp NULL DEFAULT NULL,
  `updated_at` timestamp NULL DEFAULT NULL,
  PRIMARY KEY (`id`),
  UNIQUE KEY `employees_employee_number_unique` (`employee_number`),
  KEY `employees_department_id_foreign` (`department_id`),
  KEY `employees_position_id_foreign` (`position_id`),
  KEY `employees_user_id_foreign` (`user_id`),
  CONSTRAINT `employees_department_id_foreign` FOREIGN KEY (`department_id`) REFERENCES `departments` (`id`) ON DELETE CASCADE,
  CONSTRAINT `employees_position_id_foreign` FOREIGN KEY (`position_id`) REFERENCES `positions` (`id`) ON DELETE CASCADE,
  CONSTRAINT `employees_user_id_foreign` FOREIGN KEY (`user_id`) REFERENCES `users` (`id`) ON DELETE SET NULL
) ENGINE=InnoDB AUTO_INCREMENT=25 DEFAULT CHARSET=utf8mb4 COLLATE=utf8mb4_unicode_ci;

INSERT INTO `employees` VALUES 
('1','EMP-001','Budi','Santoso','TK/0','2023-01-15','3','2','5','2026-07-02 17:33:02','2026-07-02 17:33:02'),
('2','EMP-8032','Otto','Abbott','K/1','2022-04-03','4','3',NULL,'2026-07-02 17:33:02','2026-07-02 17:33:02'),
('3','EMP-3709','Baylee','Goodwin','K/1','2025-10-06','5','4',NULL,'2026-07-02 17:33:02','2026-07-02 17:33:02'),
('4','EMP-4037','Rebecca','Rice','K/2','2025-02-13','6','5',NULL,'2026-07-02 17:33:02','2026-07-02 17:33:02'),
('5','EMP-6554','Janie','Beier','TK/0','2023-12-20','7','6',NULL,'2026-07-02 17:33:02','2026-07-02 17:33:02'),
('6','EMP-9611','Molly','Greenholt','TK/1','2024-01-26','8','7',NULL,'2026-07-02 17:33:02','2026-07-02 17:33:02'),
('7','EMP-6276','Carleton','Kris','K/2','2021-08-23','9','8',NULL,'2026-07-02 17:33:02','2026-07-02 17:33:02'),
('8','EMP-3758','Joesph','Tillman','TK/1','2021-12-21','10','9',NULL,'2026-07-02 17:33:02','2026-07-02 17:33:02'),
('9','EMP-9993','Estel','Thompson','K/1','2026-01-16','11','10',NULL,'2026-07-02 17:33:02','2026-07-02 17:33:02'),
('10','EMP-3186','Jerry','Williamson','K/0','2023-07-21','12','11',NULL,'2026-07-02 17:33:02','2026-07-02 17:33:02'),
('11','EMP-6557','Andre','Crona','TK/1','2023-08-18','13','12',NULL,'2026-07-02 17:33:02','2026-07-02 17:33:02'),
('12','EMP-618','Bethel','Stroman','TK/1','2025-02-12','14','13',NULL,'2026-07-02 17:33:03','2026-07-02 17:33:03'),
('13','EMP-6401','Lottie','Collins','K/2','2022-02-03','15','14',NULL,'2026-07-02 17:33:03','2026-07-02 17:33:03'),
('14','EMP-1636','Ervin','Fisher','K/2','2022-08-17','16','15',NULL,'2026-07-02 17:33:03','2026-07-02 17:33:03'),
('15','EMP-995','Ruth','Purdy','TK/0','2025-02-14','17','16',NULL,'2026-07-02 17:33:03','2026-07-02 17:33:03'),
('16','EMP-9586','Ronaldo','Kuhlman','K/0','2023-05-28','18','17',NULL,'2026-07-02 17:33:03','2026-07-02 17:33:03'),
('17','EMP-6140','Brenna','Rice','K/1','2024-01-06','19','18',NULL,'2026-07-02 17:33:03','2026-07-02 17:33:03'),
('18','EMP-4222','Verna','Dietrich','K/2','2022-06-09','20','19',NULL,'2026-07-02 17:33:03','2026-07-02 17:33:03'),
('19','EMP-8671','Jaiden','Upton','TK/1','2022-08-30','21','20',NULL,'2026-07-02 17:33:03','2026-07-02 17:33:03'),
('20','EMP-7489','Napoleon','Hammes','K/0','2023-06-21','22','21',NULL,'2026-07-02 17:33:03','2026-07-02 17:33:03'),
('21','EMP-3749','Hulda','Kemmer','TK/1','2024-07-24','23','22',NULL,'2026-07-02 17:33:03','2026-07-02 17:33:03'),
('22','EMP-E2E-001','Test','Employee','K/1','2024-01-01','24','23','6','2026-07-02 20:10:56','2026-07-02 20:10:56'),
('23','EMP1783043870','Test','Pegawai','TK/0','2020-01-01','27','26',NULL,'2026-07-03 09:57:50','2026-07-03 09:57:50'),
('24','43245321421','agusriadi','annur','ewgv','2026-07-03','1','1','8','2026-07-03 10:40:47','2026-07-03 10:40:47');

DROP TABLE IF EXISTS `failed_jobs`;
CREATE TABLE `failed_jobs` (
  `id` bigint unsigned NOT NULL AUTO_INCREMENT,
  `uuid` varchar(255) COLLATE utf8mb4_unicode_ci NOT NULL,
  `connection` text COLLATE utf8mb4_unicode_ci NOT NULL,
  `queue` text COLLATE utf8mb4_unicode_ci NOT NULL,
  `payload` longtext COLLATE utf8mb4_unicode_ci NOT NULL,
  `exception` longtext COLLATE utf8mb4_unicode_ci NOT NULL,
  `failed_at` timestamp NOT NULL DEFAULT CURRENT_TIMESTAMP,
  PRIMARY KEY (`id`),
  UNIQUE KEY `failed_jobs_uuid_unique` (`uuid`)
) ENGINE=InnoDB AUTO_INCREMENT=2 DEFAULT CHARSET=utf8mb4 COLLATE=utf8mb4_unicode_ci;

INSERT INTO `failed_jobs` VALUES 
('1','d105a5a4-2572-4660-880e-9a49ef63cbba','database','default','{\"uuid\":\"d105a5a4-2572-4660-880e-9a49ef63cbba\",\"displayName\":\"App\\\\Jobs\\\\GeneratePayslipJob\",\"job\":\"Illuminate\\\\Queue\\\\CallQueuedHandler@call\",\"maxTries\":null,\"maxExceptions\":null,\"failOnTimeout\":false,\"backoff\":null,\"timeout\":null,\"retryUntil\":null,\"deleteWhenMissingModels\":false,\"data\":{\"commandName\":\"App\\\\Jobs\\\\GeneratePayslipJob\",\"command\":\"O:27:\\\"App\\\\Jobs\\\\GeneratePayslipJob\\\":0:{}\",\"batchId\":null},\"createdAt\":1783556082,\"delay\":null}','PDOException: SQLSTATE[42S22]: Column not found: 1054 Unknown column \'date\' in \'where clause\' in D:\\laravel\\laravel-niceadmin-bootstrap\\vendor\\laravel\\framework\\src\\Illuminate\\Database\\Connection.php:421
Stack trace:
#0 D:\\laravel\\laravel-niceadmin-bootstrap\\vendor\\laravel\\framework\\src\\Illuminate\\Database\\Connection.php(421): PDO->prepare(\'select count(*)...\')
#1 D:\\laravel\\laravel-niceadmin-bootstrap\\vendor\\laravel\\framework\\src\\Illuminate\\Database\\Connection.php(830): Illuminate\\Database\\Connection->{closure:Illuminate\\Database\\Connection::select():412}(\'select count(*)...\', Array)
#2 D:\\laravel\\laravel-niceadmin-bootstrap\\vendor\\laravel\\framework\\src\\Illuminate\\Database\\Connection.php(797): Illuminate\\Database\\Connection->runQueryCallback(\'select count(*)...\', Array, Object(Closure))
#3 D:\\laravel\\laravel-niceadmin-bootstrap\\vendor\\laravel\\framework\\src\\Illuminate\\Database\\Connection.php(412): Illuminate\\Database\\Connection->run(\'select count(*)...\', Array, Object(Closure))
#4 D:\\laravel\\laravel-niceadmin-bootstrap\\vendor\\laravel\\framework\\src\\Illuminate\\Database\\Query\\Builder.php(3562): Illuminate\\Database\\Connection->select(\'select count(*)...\', Array, true, Array)
#5 D:\\laravel\\laravel-niceadmin-bootstrap\\vendor\\laravel\\framework\\src\\Illuminate\\Database\\Query\\Builder.php(3546): Illuminate\\Database\\Query\\Builder->runSelect()
#6 D:\\laravel\\laravel-niceadmin-bootstrap\\vendor\\laravel\\framework\\src\\Illuminate\\Database\\Query\\Builder.php(4062): Illuminate\\Database\\Query\\Builder->get(Array)
#7 D:\\laravel\\laravel-niceadmin-bootstrap\\vendor\\laravel\\framework\\src\\Illuminate\\Database\\Query\\Builder.php(3990): Illuminate\\Database\\Query\\Builder->aggregate(\'count\', Array)
#8 D:\\laravel\\laravel-niceadmin-bootstrap\\vendor\\laravel\\framework\\src\\Illuminate\\Database\\Eloquent\\Builder.php(2242): Illuminate\\Database\\Query\\Builder->count()
#9 D:\\laravel\\laravel-niceadmin-bootstrap\\app\\Services\\PayrollCalculatorService.php(39): Illuminate\\Database\\Eloquent\\Builder->__call(\'count\', Array)
#10 D:\\laravel\\laravel-niceadmin-bootstrap\\app\\Jobs\\GeneratePayslipJob.php(35): App\\Services\\PayrollCalculatorService->calculate(Object(App\\Models\\Employee), \'07\', \'2026\')
#11 D:\\laravel\\laravel-niceadmin-bootstrap\\vendor\\laravel\\framework\\src\\Illuminate\\Container\\BoundMethod.php(36): App\\Jobs\\GeneratePayslipJob->handle(Object(App\\Services\\PayrollCalculatorService))
#12 D:\\laravel\\laravel-niceadmin-bootstrap\\vendor\\laravel\\framework\\src\\Illuminate\\Container\\Util.php(43): Illuminate\\Container\\BoundMethod::{closure:Illuminate\\Container\\BoundMethod::call():35}()
#13 D:\\laravel\\laravel-niceadmin-bootstrap\\vendor\\laravel\\framework\\src\\Illuminate\\Container\\BoundMethod.php(96): Illuminate\\Container\\Util::unwrapIfClosure(Object(Closure))
#14 D:\\laravel\\laravel-niceadmin-bootstrap\\vendor\\laravel\\framework\\src\\Illuminate\\Container\\BoundMethod.php(35): Illuminate\\Container\\BoundMethod::callBoundMethod(Object(Illuminate\\Foundation\\Application), Array, Object(Closure))
#15 D:\\laravel\\laravel-niceadmin-bootstrap\\vendor\\laravel\\framework\\src\\Illuminate\\Container\\Container.php(799): Illuminate\\Container\\BoundMethod::call(Object(Illuminate\\Foundation\\Application), Array, Array, NULL)
#16 D:\\laravel\\laravel-niceadmin-bootstrap\\vendor\\laravel\\framework\\src\\Illuminate\\Bus\\Dispatcher.php(135): Illuminate\\Container\\Container->call(Array)
#17 D:\\laravel\\laravel-niceadmin-bootstrap\\vendor\\laravel\\framework\\src\\Illuminate\\Pipeline\\Pipeline.php(180): Illuminate\\Bus\\Dispatcher->{closure:Illuminate\\Bus\\Dispatcher::dispatchNow():132}(Object(App\\Jobs\\GeneratePayslipJob))
#18 D:\\laravel\\laravel-niceadmin-bootstrap\\vendor\\laravel\\framework\\src\\Illuminate\\Pipeline\\Pipeline.php(137): Illuminate\\Pipeline\\Pipeline->{closure:Illuminate\\Pipeline\\Pipeline::prepareDestination():178}(Object(App\\Jobs\\GeneratePayslipJob))
#19 D:\\laravel\\laravel-niceadmin-bootstrap\\vendor\\laravel\\framework\\src\\Illuminate\\Bus\\Dispatcher.php(139): Illuminate\\Pipeline\\Pipeline->then(Object(Closure))
#20 D:\\laravel\\laravel-niceadmin-bootstrap\\vendor\\laravel\\framework\\src\\Illuminate\\Queue\\CallQueuedHandler.php(134): Illuminate\\Bus\\Dispatcher->dispatchNow(Object(App\\Jobs\\GeneratePayslipJob), false)
#21 D:\\laravel\\laravel-niceadmin-bootstrap\\vendor\\laravel\\framework\\src\\Illuminate\\Pipeline\\Pipeline.php(180): Illuminate\\Queue\\CallQueuedHandler->{closure:Illuminate\\Queue\\CallQueuedHandler::dispatchThroughMiddleware():127}(Object(App\\Jobs\\GeneratePayslipJob))
#22 D:\\laravel\\laravel-niceadmin-bootstrap\\vendor\\laravel\\framework\\src\\Illuminate\\Pipeline\\Pipeline.php(137): Illuminate\\Pipeline\\Pipeline->{closure:Illuminate\\Pipeline\\Pipeline::prepareDestination():178}(Object(App\\Jobs\\GeneratePayslipJob))
#23 D:\\laravel\\laravel-niceadmin-bootstrap\\vendor\\laravel\\framework\\src\\Illuminate\\Queue\\CallQueuedHandler.php(127): Illuminate\\Pipeline\\Pipeline->then(Object(Closure))
#24 D:\\laravel\\laravel-niceadmin-bootstrap\\vendor\\laravel\\framework\\src\\Illuminate\\Queue\\CallQueuedHandler.php(68): Illuminate\\Queue\\CallQueuedHandler->dispatchThroughMiddleware(Object(Illuminate\\Queue\\Jobs\\DatabaseJob), Object(App\\Jobs\\GeneratePayslipJob))
#25 D:\\laravel\\laravel-niceadmin-bootstrap\\vendor\\laravel\\framework\\src\\Illuminate\\Queue\\Jobs\\Job.php(102): Illuminate\\Queue\\CallQueuedHandler->call(Object(Illuminate\\Queue\\Jobs\\DatabaseJob), Array)
#26 D:\\laravel\\laravel-niceadmin-bootstrap\\vendor\\laravel\\framework\\src\\Illuminate\\Queue\\Worker.php(485): Illuminate\\Queue\\Jobs\\Job->fire()
#27 D:\\laravel\\laravel-niceadmin-bootstrap\\vendor\\laravel\\framework\\src\\Illuminate\\Queue\\Worker.php(435): Illuminate\\Queue\\Worker->process(\'database\', Object(Illuminate\\Queue\\Jobs\\DatabaseJob), Object(Illuminate\\Queue\\WorkerOptions))
#28 D:\\laravel\\laravel-niceadmin-bootstrap\\vendor\\laravel\\framework\\src\\Illuminate\\Queue\\Worker.php(358): Illuminate\\Queue\\Worker->runJob(Object(Illuminate\\Queue\\Jobs\\DatabaseJob), \'database\', Object(Illuminate\\Queue\\WorkerOptions))
#29 D:\\laravel\\laravel-niceadmin-bootstrap\\vendor\\laravel\\framework\\src\\Illuminate\\Queue\\Console\\WorkCommand.php(148): Illuminate\\Queue\\Worker->runNextJob(\'database\', \'default\', Object(Illuminate\\Queue\\WorkerOptions))
#30 D:\\laravel\\laravel-niceadmin-bootstrap\\vendor\\laravel\\framework\\src\\Illuminate\\Queue\\Console\\WorkCommand.php(131): Illuminate\\Queue\\Console\\WorkCommand->runWorker(\'database\', \'default\')
#31 D:\\laravel\\laravel-niceadmin-bootstrap\\vendor\\laravel\\framework\\src\\Illuminate\\Container\\BoundMethod.php(36): Illuminate\\Queue\\Console\\WorkCommand->handle()
#32 D:\\laravel\\laravel-niceadmin-bootstrap\\vendor\\laravel\\framework\\src\\Illuminate\\Container\\Util.php(43): Illuminate\\Container\\BoundMethod::{closure:Illuminate\\Container\\BoundMethod::call():35}()
#33 D:\\laravel\\laravel-niceadmin-bootstrap\\vendor\\laravel\\framework\\src\\Illuminate\\Container\\BoundMethod.php(96): Illuminate\\Container\\Util::unwrapIfClosure(Object(Closure))
#34 D:\\laravel\\laravel-niceadmin-bootstrap\\vendor\\laravel\\framework\\src\\Illuminate\\Container\\BoundMethod.php(35): Illuminate\\Container\\BoundMethod::callBoundMethod(Object(Illuminate\\Foundation\\Application), Array, Object(Closure))
#35 D:\\laravel\\laravel-niceadmin-bootstrap\\vendor\\laravel\\framework\\src\\Illuminate\\Container\\Container.php(799): Illuminate\\Container\\BoundMethod::call(Object(Illuminate\\Foundation\\Application), Array, Array, NULL)
#36 D:\\laravel\\laravel-niceadmin-bootstrap\\vendor\\laravel\\framework\\src\\Illuminate\\Console\\Command.php(273): Illuminate\\Container\\Container->call(Array)
#37 D:\\laravel\\laravel-niceadmin-bootstrap\\vendor\\symfony\\console\\Command\\Command.php(291): Illuminate\\Console\\Command->execute(Object(Symfony\\Component\\Console\\Input\\ArgvInput), Object(Illuminate\\Console\\OutputStyle))
#38 D:\\laravel\\laravel-niceadmin-bootstrap\\vendor\\laravel\\framework\\src\\Illuminate\\Console\\Command.php(242): Symfony\\Component\\Console\\Command\\Command->run(Object(Symfony\\Component\\Console\\Input\\ArgvInput), Object(Illuminate\\Console\\OutputStyle))
#39 D:\\laravel\\laravel-niceadmin-bootstrap\\vendor\\symfony\\console\\Application.php(1107): Illuminate\\Console\\Command->run(Object(Symfony\\Component\\Console\\Input\\ArgvInput), Object(Symfony\\Component\\Console\\Output\\ConsoleOutput))
#40 D:\\laravel\\laravel-niceadmin-bootstrap\\vendor\\symfony\\console\\Application.php(356): Symfony\\Component\\Console\\Application->doRunCommand(Object(Illuminate\\Queue\\Console\\WorkCommand), Object(Symfony\\Component\\Console\\Input\\ArgvInput), Object(Symfony\\Component\\Console\\Output\\ConsoleOutput))
#41 D:\\laravel\\laravel-niceadmin-bootstrap\\vendor\\symfony\\console\\Application.php(195): Symfony\\Component\\Console\\Application->doRun(Object(Symfony\\Component\\Console\\Input\\ArgvInput), Object(Symfony\\Component\\Console\\Output\\ConsoleOutput))
#42 D:\\laravel\\laravel-niceadmin-bootstrap\\vendor\\laravel\\framework\\src\\Illuminate\\Foundation\\Console\\Kernel.php(198): Symfony\\Component\\Console\\Application->run(Object(Symfony\\Component\\Console\\Input\\ArgvInput), Object(Symfony\\Component\\Console\\Output\\ConsoleOutput))
#43 D:\\laravel\\laravel-niceadmin-bootstrap\\vendor\\laravel\\framework\\src\\Illuminate\\Foundation\\Application.php(1235): Illuminate\\Foundation\\Console\\Kernel->handle(Object(Symfony\\Component\\Console\\Input\\ArgvInput), Object(Symfony\\Component\\Console\\Output\\ConsoleOutput))
#44 D:\\laravel\\laravel-niceadmin-bootstrap\\artisan(16): Illuminate\\Foundation\\Application->handleCommand(Object(Symfony\\Component\\Console\\Input\\ArgvInput))
#45 {main}

Next Illuminate\\Database\\QueryException: SQLSTATE[42S22]: Column not found: 1054 Unknown column \'date\' in \'where clause\' (Connection: mysql, Host: 127.0.0.1, Port: 3306, Database: payroll_system, SQL: select count(*) as aggregate from `attendance_records` where `employee_id` = 1 and month(`date`) = 07 and year(`date`) = 2026 and `status` = Terlambat) in D:\\laravel\\laravel-niceadmin-bootstrap\\vendor\\laravel\\framework\\src\\Illuminate\\Database\\Connection.php:841
Stack trace:
#0 D:\\laravel\\laravel-niceadmin-bootstrap\\vendor\\laravel\\framework\\src\\Illuminate\\Database\\Connection.php(797): Illuminate\\Database\\Connection->runQueryCallback(\'select count(*)...\', Array, Object(Closure))
#1 D:\\laravel\\laravel-niceadmin-bootstrap\\vendor\\laravel\\framework\\src\\Illuminate\\Database\\Connection.php(412): Illuminate\\Database\\Connection->run(\'select count(*)...\', Array, Object(Closure))
#2 D:\\laravel\\laravel-niceadmin-bootstrap\\vendor\\laravel\\framework\\src\\Illuminate\\Database\\Query\\Builder.php(3562): Illuminate\\Database\\Connection->select(\'select count(*)...\', Array, true, Array)
#3 D:\\laravel\\laravel-niceadmin-bootstrap\\vendor\\laravel\\framework\\src\\Illuminate\\Database\\Query\\Builder.php(3546): Illuminate\\Database\\Query\\Builder->runSelect()
#4 D:\\laravel\\laravel-niceadmin-bootstrap\\vendor\\laravel\\framework\\src\\Illuminate\\Database\\Query\\Builder.php(4062): Illuminate\\Database\\Query\\Builder->get(Array)
#5 D:\\laravel\\laravel-niceadmin-bootstrap\\vendor\\laravel\\framework\\src\\Illuminate\\Database\\Query\\Builder.php(3990): Illuminate\\Database\\Query\\Builder->aggregate(\'count\', Array)
#6 D:\\laravel\\laravel-niceadmin-bootstrap\\vendor\\laravel\\framework\\src\\Illuminate\\Database\\Eloquent\\Builder.php(2242): Illuminate\\Database\\Query\\Builder->count()
#7 D:\\laravel\\laravel-niceadmin-bootstrap\\app\\Services\\PayrollCalculatorService.php(39): Illuminate\\Database\\Eloquent\\Builder->__call(\'count\', Array)
#8 D:\\laravel\\laravel-niceadmin-bootstrap\\app\\Jobs\\GeneratePayslipJob.php(35): App\\Services\\PayrollCalculatorService->calculate(Object(App\\Models\\Employee), \'07\', \'2026\')
#9 D:\\laravel\\laravel-niceadmin-bootstrap\\vendor\\laravel\\framework\\src\\Illuminate\\Container\\BoundMethod.php(36): App\\Jobs\\GeneratePayslipJob->handle(Object(App\\Services\\PayrollCalculatorService))
#10 D:\\laravel\\laravel-niceadmin-bootstrap\\vendor\\laravel\\framework\\src\\Illuminate\\Container\\Util.php(43): Illuminate\\Container\\BoundMethod::{closure:Illuminate\\Container\\BoundMethod::call():35}()
#11 D:\\laravel\\laravel-niceadmin-bootstrap\\vendor\\laravel\\framework\\src\\Illuminate\\Container\\BoundMethod.php(96): Illuminate\\Container\\Util::unwrapIfClosure(Object(Closure))
#12 D:\\laravel\\laravel-niceadmin-bootstrap\\vendor\\laravel\\framework\\src\\Illuminate\\Container\\BoundMethod.php(35): Illuminate\\Container\\BoundMethod::callBoundMethod(Object(Illuminate\\Foundation\\Application), Array, Object(Closure))
#13 D:\\laravel\\laravel-niceadmin-bootstrap\\vendor\\laravel\\framework\\src\\Illuminate\\Container\\Container.php(799): Illuminate\\Container\\BoundMethod::call(Object(Illuminate\\Foundation\\Application), Array, Array, NULL)
#14 D:\\laravel\\laravel-niceadmin-bootstrap\\vendor\\laravel\\framework\\src\\Illuminate\\Bus\\Dispatcher.php(135): Illuminate\\Container\\Container->call(Array)
#15 D:\\laravel\\laravel-niceadmin-bootstrap\\vendor\\laravel\\framework\\src\\Illuminate\\Pipeline\\Pipeline.php(180): Illuminate\\Bus\\Dispatcher->{closure:Illuminate\\Bus\\Dispatcher::dispatchNow():132}(Object(App\\Jobs\\GeneratePayslipJob))
#16 D:\\laravel\\laravel-niceadmin-bootstrap\\vendor\\laravel\\framework\\src\\Illuminate\\Pipeline\\Pipeline.php(137): Illuminate\\Pipeline\\Pipeline->{closure:Illuminate\\Pipeline\\Pipeline::prepareDestination():178}(Object(App\\Jobs\\GeneratePayslipJob))
#17 D:\\laravel\\laravel-niceadmin-bootstrap\\vendor\\laravel\\framework\\src\\Illuminate\\Bus\\Dispatcher.php(139): Illuminate\\Pipeline\\Pipeline->then(Object(Closure))
#18 D:\\laravel\\laravel-niceadmin-bootstrap\\vendor\\laravel\\framework\\src\\Illuminate\\Queue\\CallQueuedHandler.php(134): Illuminate\\Bus\\Dispatcher->dispatchNow(Object(App\\Jobs\\GeneratePayslipJob), false)
#19 D:\\laravel\\laravel-niceadmin-bootstrap\\vendor\\laravel\\framework\\src\\Illuminate\\Pipeline\\Pipeline.php(180): Illuminate\\Queue\\CallQueuedHandler->{closure:Illuminate\\Queue\\CallQueuedHandler::dispatchThroughMiddleware():127}(Object(App\\Jobs\\GeneratePayslipJob))
#20 D:\\laravel\\laravel-niceadmin-bootstrap\\vendor\\laravel\\framework\\src\\Illuminate\\Pipeline\\Pipeline.php(137): Illuminate\\Pipeline\\Pipeline->{closure:Illuminate\\Pipeline\\Pipeline::prepareDestination():178}(Object(App\\Jobs\\GeneratePayslipJob))
#21 D:\\laravel\\laravel-niceadmin-bootstrap\\vendor\\laravel\\framework\\src\\Illuminate\\Queue\\CallQueuedHandler.php(127): Illuminate\\Pipeline\\Pipeline->then(Object(Closure))
#22 D:\\laravel\\laravel-niceadmin-bootstrap\\vendor\\laravel\\framework\\src\\Illuminate\\Queue\\CallQueuedHandler.php(68): Illuminate\\Queue\\CallQueuedHandler->dispatchThroughMiddleware(Object(Illuminate\\Queue\\Jobs\\DatabaseJob), Object(App\\Jobs\\GeneratePayslipJob))
#23 D:\\laravel\\laravel-niceadmin-bootstrap\\vendor\\laravel\\framework\\src\\Illuminate\\Queue\\Jobs\\Job.php(102): Illuminate\\Queue\\CallQueuedHandler->call(Object(Illuminate\\Queue\\Jobs\\DatabaseJob), Array)
#24 D:\\laravel\\laravel-niceadmin-bootstrap\\vendor\\laravel\\framework\\src\\Illuminate\\Queue\\Worker.php(485): Illuminate\\Queue\\Jobs\\Job->fire()
#25 D:\\laravel\\laravel-niceadmin-bootstrap\\vendor\\laravel\\framework\\src\\Illuminate\\Queue\\Worker.php(435): Illuminate\\Queue\\Worker->process(\'database\', Object(Illuminate\\Queue\\Jobs\\DatabaseJob), Object(Illuminate\\Queue\\WorkerOptions))
#26 D:\\laravel\\laravel-niceadmin-bootstrap\\vendor\\laravel\\framework\\src\\Illuminate\\Queue\\Worker.php(358): Illuminate\\Queue\\Worker->runJob(Object(Illuminate\\Queue\\Jobs\\DatabaseJob), \'database\', Object(Illuminate\\Queue\\WorkerOptions))
#27 D:\\laravel\\laravel-niceadmin-bootstrap\\vendor\\laravel\\framework\\src\\Illuminate\\Queue\\Console\\WorkCommand.php(148): Illuminate\\Queue\\Worker->runNextJob(\'database\', \'default\', Object(Illuminate\\Queue\\WorkerOptions))
#28 D:\\laravel\\laravel-niceadmin-bootstrap\\vendor\\laravel\\framework\\src\\Illuminate\\Queue\\Console\\WorkCommand.php(131): Illuminate\\Queue\\Console\\WorkCommand->runWorker(\'database\', \'default\')
#29 D:\\laravel\\laravel-niceadmin-bootstrap\\vendor\\laravel\\framework\\src\\Illuminate\\Container\\BoundMethod.php(36): Illuminate\\Queue\\Console\\WorkCommand->handle()
#30 D:\\laravel\\laravel-niceadmin-bootstrap\\vendor\\laravel\\framework\\src\\Illuminate\\Container\\Util.php(43): Illuminate\\Container\\BoundMethod::{closure:Illuminate\\Container\\BoundMethod::call():35}()
#31 D:\\laravel\\laravel-niceadmin-bootstrap\\vendor\\laravel\\framework\\src\\Illuminate\\Container\\BoundMethod.php(96): Illuminate\\Container\\Util::unwrapIfClosure(Object(Closure))
#32 D:\\laravel\\laravel-niceadmin-bootstrap\\vendor\\laravel\\framework\\src\\Illuminate\\Container\\BoundMethod.php(35): Illuminate\\Container\\BoundMethod::callBoundMethod(Object(Illuminate\\Foundation\\Application), Array, Object(Closure))
#33 D:\\laravel\\laravel-niceadmin-bootstrap\\vendor\\laravel\\framework\\src\\Illuminate\\Container\\Container.php(799): Illuminate\\Container\\BoundMethod::call(Object(Illuminate\\Foundation\\Application), Array, Array, NULL)
#34 D:\\laravel\\laravel-niceadmin-bootstrap\\vendor\\laravel\\framework\\src\\Illuminate\\Console\\Command.php(273): Illuminate\\Container\\Container->call(Array)
#35 D:\\laravel\\laravel-niceadmin-bootstrap\\vendor\\symfony\\console\\Command\\Command.php(291): Illuminate\\Console\\Command->execute(Object(Symfony\\Component\\Console\\Input\\ArgvInput), Object(Illuminate\\Console\\OutputStyle))
#36 D:\\laravel\\laravel-niceadmin-bootstrap\\vendor\\laravel\\framework\\src\\Illuminate\\Console\\Command.php(242): Symfony\\Component\\Console\\Command\\Command->run(Object(Symfony\\Component\\Console\\Input\\ArgvInput), Object(Illuminate\\Console\\OutputStyle))
#37 D:\\laravel\\laravel-niceadmin-bootstrap\\vendor\\symfony\\console\\Application.php(1107): Illuminate\\Console\\Command->run(Object(Symfony\\Component\\Console\\Input\\ArgvInput), Object(Symfony\\Component\\Console\\Output\\ConsoleOutput))
#38 D:\\laravel\\laravel-niceadmin-bootstrap\\vendor\\symfony\\console\\Application.php(356): Symfony\\Component\\Console\\Application->doRunCommand(Object(Illuminate\\Queue\\Console\\WorkCommand), Object(Symfony\\Component\\Console\\Input\\ArgvInput), Object(Symfony\\Component\\Console\\Output\\ConsoleOutput))
#39 D:\\laravel\\laravel-niceadmin-bootstrap\\vendor\\symfony\\console\\Application.php(195): Symfony\\Component\\Console\\Application->doRun(Object(Symfony\\Component\\Console\\Input\\ArgvInput), Object(Symfony\\Component\\Console\\Output\\ConsoleOutput))
#40 D:\\laravel\\laravel-niceadmin-bootstrap\\vendor\\laravel\\framework\\src\\Illuminate\\Foundation\\Console\\Kernel.php(198): Symfony\\Component\\Console\\Application->run(Object(Symfony\\Component\\Console\\Input\\ArgvInput), Object(Symfony\\Component\\Console\\Output\\ConsoleOutput))
#41 D:\\laravel\\laravel-niceadmin-bootstrap\\vendor\\laravel\\framework\\src\\Illuminate\\Foundation\\Application.php(1235): Illuminate\\Foundation\\Console\\Kernel->handle(Object(Symfony\\Component\\Console\\Input\\ArgvInput), Object(Symfony\\Component\\Console\\Output\\ConsoleOutput))
#42 D:\\laravel\\laravel-niceadmin-bootstrap\\artisan(16): Illuminate\\Foundation\\Application->handleCommand(Object(Symfony\\Component\\Console\\Input\\ArgvInput))
#43 {main}','2026-07-09 08:15:39');

DROP TABLE IF EXISTS `job_batches`;
CREATE TABLE `job_batches` (
  `id` varchar(255) COLLATE utf8mb4_unicode_ci NOT NULL,
  `name` varchar(255) COLLATE utf8mb4_unicode_ci NOT NULL,
  `total_jobs` int NOT NULL,
  `pending_jobs` int NOT NULL,
  `failed_jobs` int NOT NULL,
  `failed_job_ids` longtext COLLATE utf8mb4_unicode_ci NOT NULL,
  `options` mediumtext COLLATE utf8mb4_unicode_ci,
  `cancelled_at` int DEFAULT NULL,
  `created_at` int NOT NULL,
  `finished_at` int DEFAULT NULL,
  PRIMARY KEY (`id`)
) ENGINE=InnoDB DEFAULT CHARSET=utf8mb4 COLLATE=utf8mb4_unicode_ci;

DROP TABLE IF EXISTS `jobs`;
CREATE TABLE `jobs` (
  `id` bigint unsigned NOT NULL AUTO_INCREMENT,
  `queue` varchar(255) COLLATE utf8mb4_unicode_ci NOT NULL,
  `payload` longtext COLLATE utf8mb4_unicode_ci NOT NULL,
  `attempts` tinyint unsigned NOT NULL,
  `reserved_at` int unsigned DEFAULT NULL,
  `available_at` int unsigned NOT NULL,
  `created_at` int unsigned NOT NULL,
  PRIMARY KEY (`id`),
  KEY `jobs_queue_index` (`queue`)
) ENGINE=InnoDB AUTO_INCREMENT=30 DEFAULT CHARSET=utf8mb4 COLLATE=utf8mb4_unicode_ci;

INSERT INTO `jobs` VALUES 
('3','default','{\"uuid\":\"298abbec-f43e-43dd-a8d0-1754b0a90c50\",\"displayName\":\"App\\\\Jobs\\\\GeneratePayslipJob\",\"job\":\"Illuminate\\\\Queue\\\\CallQueuedHandler@call\",\"maxTries\":null,\"maxExceptions\":null,\"failOnTimeout\":false,\"backoff\":null,\"timeout\":null,\"retryUntil\":null,\"deleteWhenMissingModels\":false,\"data\":{\"commandName\":\"App\\\\Jobs\\\\GeneratePayslipJob\",\"command\":\"O:27:\\\"App\\\\Jobs\\\\GeneratePayslipJob\\\":0:{}\",\"batchId\":null},\"createdAt\":1783556213,\"delay\":null}','0',NULL,'1783556213','1783556213'),
('4','default','{\"uuid\":\"8dffdfe9-ebcc-4d59-9365-9917bef69fe9\",\"displayName\":\"App\\\\Notifications\\\\PayslipApprovedNotification\",\"job\":\"Illuminate\\\\Queue\\\\CallQueuedHandler@call\",\"maxTries\":null,\"maxExceptions\":null,\"failOnTimeout\":false,\"backoff\":null,\"timeout\":null,\"retryUntil\":null,\"deleteWhenMissingModels\":false,\"data\":{\"commandName\":\"Illuminate\\\\Notifications\\\\SendQueuedNotifications\",\"command\":\"O:48:\\\"Illuminate\\\\Notifications\\\\SendQueuedNotifications\\\":3:{s:11:\\\"notifiables\\\";O:45:\\\"Illuminate\\\\Contracts\\\\Database\\\\ModelIdentifier\\\":5:{s:5:\\\"class\\\";s:15:\\\"App\\\\Models\\\\User\\\";s:2:\\\"id\\\";a:1:{i:0;i:6;}s:9:\\\"relations\\\";a:0:{}s:10:\\\"connection\\\";s:5:\\\"mysql\\\";s:15:\\\"collectionClass\\\";N;}s:12:\\\"notification\\\";O:45:\\\"App\\\\Notifications\\\\PayslipApprovedNotification\\\":2:{s:7:\\\"payslip\\\";O:45:\\\"Illuminate\\\\Contracts\\\\Database\\\\ModelIdentifier\\\":5:{s:5:\\\"class\\\";s:18:\\\"App\\\\Models\\\\Payslip\\\";s:2:\\\"id\\\";i:68;s:9:\\\"relations\\\";a:2:{i:0;s:8:\\\"employee\\\";i:1;s:13:\\\"employee.user\\\";}s:10:\\\"connection\\\";s:5:\\\"mysql\\\";s:15:\\\"collectionClass\\\";N;}s:2:\\\"id\\\";s:36:\\\"360e1a4d-598d-4afa-a905-ba9c88fd0222\\\";}s:8:\\\"channels\\\";a:1:{i:0;s:8:\\\"database\\\";}}\",\"batchId\":null},\"createdAt\":1783562840,\"delay\":null}','0',NULL,'1783562840','1783562840'),
('5','default','{\"uuid\":\"6d72085d-1d48-4d5a-b5a6-d7bc49918fdf\",\"displayName\":\"App\\\\Notifications\\\\DraftPayslipNotification\",\"job\":\"Illuminate\\\\Queue\\\\CallQueuedHandler@call\",\"maxTries\":null,\"maxExceptions\":null,\"failOnTimeout\":false,\"backoff\":null,\"timeout\":null,\"retryUntil\":null,\"deleteWhenMissingModels\":false,\"data\":{\"commandName\":\"Illuminate\\\\Notifications\\\\SendQueuedNotifications\",\"command\":\"O:48:\\\"Illuminate\\\\Notifications\\\\SendQueuedNotifications\\\":3:{s:11:\\\"notifiables\\\";O:45:\\\"Illuminate\\\\Contracts\\\\Database\\\\ModelIdentifier\\\":5:{s:5:\\\"class\\\";s:15:\\\"App\\\\Models\\\\User\\\";s:2:\\\"id\\\";a:1:{i:0;i:1;}s:9:\\\"relations\\\";a:0:{}s:10:\\\"connection\\\";s:5:\\\"mysql\\\";s:15:\\\"collectionClass\\\";N;}s:12:\\\"notification\\\";O:42:\\\"App\\\\Notifications\\\\DraftPayslipNotification\\\":2:{s:6:\\\"period\\\";s:6:\\\"7-2026\\\";s:2:\\\"id\\\";s:36:\\\"30a8932a-644e-4c7a-bf30-a37e0d597554\\\";}s:8:\\\"channels\\\";a:1:{i:0;s:8:\\\"database\\\";}}\",\"batchId\":null},\"createdAt\":1783563725,\"delay\":null}','0',NULL,'1783563725','1783563725'),
('6','default','{\"uuid\":\"b5103032-8474-4fd5-85d1-438a7473b01c\",\"displayName\":\"App\\\\Notifications\\\\DraftPayslipNotification\",\"job\":\"Illuminate\\\\Queue\\\\CallQueuedHandler@call\",\"maxTries\":null,\"maxExceptions\":null,\"failOnTimeout\":false,\"backoff\":null,\"timeout\":null,\"retryUntil\":null,\"deleteWhenMissingModels\":false,\"data\":{\"commandName\":\"Illuminate\\\\Notifications\\\\SendQueuedNotifications\",\"command\":\"O:48:\\\"Illuminate\\\\Notifications\\\\SendQueuedNotifications\\\":3:{s:11:\\\"notifiables\\\";O:45:\\\"Illuminate\\\\Contracts\\\\Database\\\\ModelIdentifier\\\":5:{s:5:\\\"class\\\";s:15:\\\"App\\\\Models\\\\User\\\";s:2:\\\"id\\\";a:1:{i:0;i:3;}s:9:\\\"relations\\\";a:0:{}s:10:\\\"connection\\\";s:5:\\\"mysql\\\";s:15:\\\"collectionClass\\\";N;}s:12:\\\"notification\\\";O:42:\\\"App\\\\Notifications\\\\DraftPayslipNotification\\\":2:{s:6:\\\"period\\\";s:6:\\\"7-2026\\\";s:2:\\\"id\\\";s:36:\\\"a62257b4-91a7-4a63-93c1-14cec4c1adeb\\\";}s:8:\\\"channels\\\";a:1:{i:0;s:8:\\\"database\\\";}}\",\"batchId\":null},\"createdAt\":1783563725,\"delay\":null}','0',NULL,'1783563725','1783563725'),
('7','default','{\"uuid\":\"6f9ebb54-b643-4408-b902-16a924c570ff\",\"displayName\":\"App\\\\Notifications\\\\DraftPayslipNotification\",\"job\":\"Illuminate\\\\Queue\\\\CallQueuedHandler@call\",\"maxTries\":null,\"maxExceptions\":null,\"failOnTimeout\":false,\"backoff\":null,\"timeout\":null,\"retryUntil\":null,\"deleteWhenMissingModels\":false,\"data\":{\"commandName\":\"Illuminate\\\\Notifications\\\\SendQueuedNotifications\",\"command\":\"O:48:\\\"Illuminate\\\\Notifications\\\\SendQueuedNotifications\\\":3:{s:11:\\\"notifiables\\\";O:45:\\\"Illuminate\\\\Contracts\\\\Database\\\\ModelIdentifier\\\":5:{s:5:\\\"class\\\";s:15:\\\"App\\\\Models\\\\User\\\";s:2:\\\"id\\\";a:1:{i:0;i:7;}s:9:\\\"relations\\\";a:0:{}s:10:\\\"connection\\\";s:5:\\\"mysql\\\";s:15:\\\"collectionClass\\\";N;}s:12:\\\"notification\\\";O:42:\\\"App\\\\Notifications\\\\DraftPayslipNotification\\\":2:{s:6:\\\"period\\\";s:6:\\\"7-2026\\\";s:2:\\\"id\\\";s:36:\\\"39e056ca-321a-447b-9f7a-a35f1da1328e\\\";}s:8:\\\"channels\\\";a:1:{i:0;s:8:\\\"database\\\";}}\",\"batchId\":null},\"createdAt\":1783563725,\"delay\":null}','0',NULL,'1783563725','1783563725'),
('8','default','{\"uuid\":\"f9ada7d6-62a1-413a-9e2c-1271740dc547\",\"displayName\":\"App\\\\Notifications\\\\DraftPayslipNotification\",\"job\":\"Illuminate\\\\Queue\\\\CallQueuedHandler@call\",\"maxTries\":null,\"maxExceptions\":null,\"failOnTimeout\":false,\"backoff\":null,\"timeout\":null,\"retryUntil\":null,\"deleteWhenMissingModels\":false,\"data\":{\"commandName\":\"Illuminate\\\\Notifications\\\\SendQueuedNotifications\",\"command\":\"O:48:\\\"Illuminate\\\\Notifications\\\\SendQueuedNotifications\\\":3:{s:11:\\\"notifiables\\\";O:45:\\\"Illuminate\\\\Contracts\\\\Database\\\\ModelIdentifier\\\":5:{s:5:\\\"class\\\";s:15:\\\"App\\\\Models\\\\User\\\";s:2:\\\"id\\\";a:1:{i:0;i:8;}s:9:\\\"relations\\\";a:0:{}s:10:\\\"connection\\\";s:5:\\\"mysql\\\";s:15:\\\"collectionClass\\\";N;}s:12:\\\"notification\\\";O:42:\\\"App\\\\Notifications\\\\DraftPayslipNotification\\\":2:{s:6:\\\"period\\\";s:6:\\\"7-2026\\\";s:2:\\\"id\\\";s:36:\\\"b966a240-218a-4bed-bb71-4436cea3b484\\\";}s:8:\\\"channels\\\";a:1:{i:0;s:8:\\\"database\\\";}}\",\"batchId\":null},\"createdAt\":1783563725,\"delay\":null}','0',NULL,'1783563725','1783563725'),
('9','default','{\"uuid\":\"03367e12-abd3-42f3-819c-8fede1abe228\",\"displayName\":\"App\\\\Notifications\\\\DraftPayslipNotification\",\"job\":\"Illuminate\\\\Queue\\\\CallQueuedHandler@call\",\"maxTries\":null,\"maxExceptions\":null,\"failOnTimeout\":false,\"backoff\":null,\"timeout\":null,\"retryUntil\":null,\"deleteWhenMissingModels\":false,\"data\":{\"commandName\":\"Illuminate\\\\Notifications\\\\SendQueuedNotifications\",\"command\":\"O:48:\\\"Illuminate\\\\Notifications\\\\SendQueuedNotifications\\\":3:{s:11:\\\"notifiables\\\";O:45:\\\"Illuminate\\\\Contracts\\\\Database\\\\ModelIdentifier\\\":5:{s:5:\\\"class\\\";s:15:\\\"App\\\\Models\\\\User\\\";s:2:\\\"id\\\";a:1:{i:0;i:1;}s:9:\\\"relations\\\";a:0:{}s:10:\\\"connection\\\";s:5:\\\"mysql\\\";s:15:\\\"collectionClass\\\";N;}s:12:\\\"notification\\\";O:42:\\\"App\\\\Notifications\\\\DraftPayslipNotification\\\":2:{s:6:\\\"period\\\";s:6:\\\"8-2026\\\";s:2:\\\"id\\\";s:36:\\\"dc9cabb7-5d71-4481-9938-3e6bc2ab6fb0\\\";}s:8:\\\"channels\\\";a:1:{i:0;s:8:\\\"database\\\";}}\",\"batchId\":null},\"createdAt\":1783565528,\"delay\":null}','0',NULL,'1783565528','1783565528'),
('10','default','{\"uuid\":\"326c0513-ff3f-4531-8bb4-aff83d8f3d58\",\"displayName\":\"App\\\\Notifications\\\\DraftPayslipNotification\",\"job\":\"Illuminate\\\\Queue\\\\CallQueuedHandler@call\",\"maxTries\":null,\"maxExceptions\":null,\"failOnTimeout\":false,\"backoff\":null,\"timeout\":null,\"retryUntil\":null,\"deleteWhenMissingModels\":false,\"data\":{\"commandName\":\"Illuminate\\\\Notifications\\\\SendQueuedNotifications\",\"command\":\"O:48:\\\"Illuminate\\\\Notifications\\\\SendQueuedNotifications\\\":3:{s:11:\\\"notifiables\\\";O:45:\\\"Illuminate\\\\Contracts\\\\Database\\\\ModelIdentifier\\\":5:{s:5:\\\"class\\\";s:15:\\\"App\\\\Models\\\\User\\\";s:2:\\\"id\\\";a:1:{i:0;i:3;}s:9:\\\"relations\\\";a:0:{}s:10:\\\"connection\\\";s:5:\\\"mysql\\\";s:15:\\\"collectionClass\\\";N;}s:12:\\\"notification\\\";O:42:\\\"App\\\\Notifications\\\\DraftPayslipNotification\\\":2:{s:6:\\\"period\\\";s:6:\\\"8-2026\\\";s:2:\\\"id\\\";s:36:\\\"34825415-933d-4e30-b914-b8063cd534e4\\\";}s:8:\\\"channels\\\";a:1:{i:0;s:8:\\\"database\\\";}}\",\"batchId\":null},\"createdAt\":1783565528,\"delay\":null}','0',NULL,'1783565528','1783565528'),
('11','default','{\"uuid\":\"84ecd438-2d2d-447a-84d2-1e18618fea11\",\"displayName\":\"App\\\\Notifications\\\\DraftPayslipNotification\",\"job\":\"Illuminate\\\\Queue\\\\CallQueuedHandler@call\",\"maxTries\":null,\"maxExceptions\":null,\"failOnTimeout\":false,\"backoff\":null,\"timeout\":null,\"retryUntil\":null,\"deleteWhenMissingModels\":false,\"data\":{\"commandName\":\"Illuminate\\\\Notifications\\\\SendQueuedNotifications\",\"command\":\"O:48:\\\"Illuminate\\\\Notifications\\\\SendQueuedNotifications\\\":3:{s:11:\\\"notifiables\\\";O:45:\\\"Illuminate\\\\Contracts\\\\Database\\\\ModelIdentifier\\\":5:{s:5:\\\"class\\\";s:15:\\\"App\\\\Models\\\\User\\\";s:2:\\\"id\\\";a:1:{i:0;i:7;}s:9:\\\"relations\\\";a:0:{}s:10:\\\"connection\\\";s:5:\\\"mysql\\\";s:15:\\\"collectionClass\\\";N;}s:12:\\\"notification\\\";O:42:\\\"App\\\\Notifications\\\\DraftPayslipNotification\\\":2:{s:6:\\\"period\\\";s:6:\\\"8-2026\\\";s:2:\\\"id\\\";s:36:\\\"33bd4edb-85bf-4b19-a13c-fadcba4b14b6\\\";}s:8:\\\"channels\\\";a:1:{i:0;s:8:\\\"database\\\";}}\",\"batchId\":null},\"createdAt\":1783565528,\"delay\":null}','0',NULL,'1783565528','1783565528'),
('12','default','{\"uuid\":\"35059eb3-40cb-4fb5-9c7f-d548ab6f2a68\",\"displayName\":\"App\\\\Notifications\\\\DraftPayslipNotification\",\"job\":\"Illuminate\\\\Queue\\\\CallQueuedHandler@call\",\"maxTries\":null,\"maxExceptions\":null,\"failOnTimeout\":false,\"backoff\":null,\"timeout\":null,\"retryUntil\":null,\"deleteWhenMissingModels\":false,\"data\":{\"commandName\":\"Illuminate\\\\Notifications\\\\SendQueuedNotifications\",\"command\":\"O:48:\\\"Illuminate\\\\Notifications\\\\SendQueuedNotifications\\\":3:{s:11:\\\"notifiables\\\";O:45:\\\"Illuminate\\\\Contracts\\\\Database\\\\ModelIdentifier\\\":5:{s:5:\\\"class\\\";s:15:\\\"App\\\\Models\\\\User\\\";s:2:\\\"id\\\";a:1:{i:0;i:8;}s:9:\\\"relations\\\";a:0:{}s:10:\\\"connection\\\";s:5:\\\"mysql\\\";s:15:\\\"collectionClass\\\";N;}s:12:\\\"notification\\\";O:42:\\\"App\\\\Notifications\\\\DraftPayslipNotification\\\":2:{s:6:\\\"period\\\";s:6:\\\"8-2026\\\";s:2:\\\"id\\\";s:36:\\\"e3b7b3a8-19c0-411e-bf09-145a4058abb0\\\";}s:8:\\\"channels\\\";a:1:{i:0;s:8:\\\"database\\\";}}\",\"batchId\":null},\"createdAt\":1783565528,\"delay\":null}','0',NULL,'1783565528','1783565528'),
('13','default','{\"uuid\":\"1ef510d6-772d-4989-90f7-2919f8db4f59\",\"displayName\":\"App\\\\Notifications\\\\PayslipApprovedNotification\",\"job\":\"Illuminate\\\\Queue\\\\CallQueuedHandler@call\",\"maxTries\":null,\"maxExceptions\":null,\"failOnTimeout\":false,\"backoff\":null,\"timeout\":null,\"retryUntil\":null,\"deleteWhenMissingModels\":false,\"data\":{\"commandName\":\"Illuminate\\\\Notifications\\\\SendQueuedNotifications\",\"command\":\"O:48:\\\"Illuminate\\\\Notifications\\\\SendQueuedNotifications\\\":3:{s:11:\\\"notifiables\\\";O:45:\\\"Illuminate\\\\Contracts\\\\Database\\\\ModelIdentifier\\\":5:{s:5:\\\"class\\\";s:15:\\\"App\\\\Models\\\\User\\\";s:2:\\\"id\\\";a:1:{i:0;i:6;}s:9:\\\"relations\\\";a:0:{}s:10:\\\"connection\\\";s:5:\\\"mysql\\\";s:15:\\\"collectionClass\\\";N;}s:12:\\\"notification\\\";O:45:\\\"App\\\\Notifications\\\\PayslipApprovedNotification\\\":2:{s:7:\\\"payslip\\\";O:45:\\\"Illuminate\\\\Contracts\\\\Database\\\\ModelIdentifier\\\":5:{s:5:\\\"class\\\";s:18:\\\"App\\\\Models\\\\Payslip\\\";s:2:\\\"id\\\";i:116;s:9:\\\"relations\\\";a:2:{i:0;s:8:\\\"employee\\\";i:1;s:13:\\\"employee.user\\\";}s:10:\\\"connection\\\";s:5:\\\"mysql\\\";s:15:\\\"collectionClass\\\";N;}s:2:\\\"id\\\";s:36:\\\"6c71bd37-c6d5-411d-8608-3cdf92e76a76\\\";}s:8:\\\"channels\\\";a:1:{i:0;s:8:\\\"database\\\";}}\",\"batchId\":null},\"createdAt\":1783566036,\"delay\":null}','0',NULL,'1783566036','1783566036'),
('14','default','{\"uuid\":\"7bff9658-a953-47d5-a52c-a0893133a6c5\",\"displayName\":\"App\\\\Notifications\\\\PayslipApprovedNotification\",\"job\":\"Illuminate\\\\Queue\\\\CallQueuedHandler@call\",\"maxTries\":null,\"maxExceptions\":null,\"failOnTimeout\":false,\"backoff\":null,\"timeout\":null,\"retryUntil\":null,\"deleteWhenMissingModels\":false,\"data\":{\"commandName\":\"Illuminate\\\\Notifications\\\\SendQueuedNotifications\",\"command\":\"O:48:\\\"Illuminate\\\\Notifications\\\\SendQueuedNotifications\\\":3:{s:11:\\\"notifiables\\\";O:45:\\\"Illuminate\\\\Contracts\\\\Database\\\\ModelIdentifier\\\":5:{s:5:\\\"class\\\";s:15:\\\"App\\\\Models\\\\User\\\";s:2:\\\"id\\\";a:1:{i:0;i:5;}s:9:\\\"relations\\\";a:0:{}s:10:\\\"connection\\\";s:5:\\\"mysql\\\";s:15:\\\"collectionClass\\\";N;}s:12:\\\"notification\\\";O:45:\\\"App\\\\Notifications\\\\PayslipApprovedNotification\\\":2:{s:7:\\\"payslip\\\";O:45:\\\"Illuminate\\\\Contracts\\\\Database\\\\ModelIdentifier\\\":5:{s:5:\\\"class\\\";s:18:\\\"App\\\\Models\\\\Payslip\\\";s:2:\\\"id\\\";i:1;s:9:\\\"relations\\\";a:2:{i:0;s:8:\\\"employee\\\";i:1;s:13:\\\"employee.user\\\";}s:10:\\\"connection\\\";s:5:\\\"mysql\\\";s:15:\\\"collectionClass\\\";N;}s:2:\\\"id\\\";s:36:\\\"f3c085f2-1a70-4b08-8eb1-324bf70075e0\\\";}s:8:\\\"channels\\\";a:1:{i:0;s:8:\\\"database\\\";}}\",\"batchId\":null},\"createdAt\":1783575463,\"delay\":null}','0',NULL,'1783575463','1783575463'),
('15','default','{\"uuid\":\"7306d722-a527-4dae-9cfc-38eabbb009aa\",\"displayName\":\"App\\\\Notifications\\\\PayslipApprovedNotification\",\"job\":\"Illuminate\\\\Queue\\\\CallQueuedHandler@call\",\"maxTries\":null,\"maxExceptions\":null,\"failOnTimeout\":false,\"backoff\":null,\"timeout\":null,\"retryUntil\":null,\"deleteWhenMissingModels\":false,\"data\":{\"commandName\":\"Illuminate\\\\Notifications\\\\SendQueuedNotifications\",\"command\":\"O:48:\\\"Illuminate\\\\Notifications\\\\SendQueuedNotifications\\\":3:{s:11:\\\"notifiables\\\";O:45:\\\"Illuminate\\\\Contracts\\\\Database\\\\ModelIdentifier\\\":5:{s:5:\\\"class\\\";s:15:\\\"App\\\\Models\\\\User\\\";s:2:\\\"id\\\";a:1:{i:0;i:8;}s:9:\\\"relations\\\";a:0:{}s:10:\\\"connection\\\";s:5:\\\"mysql\\\";s:15:\\\"collectionClass\\\";N;}s:12:\\\"notification\\\";O:45:\\\"App\\\\Notifications\\\\PayslipApprovedNotification\\\":2:{s:7:\\\"payslip\\\";O:45:\\\"Illuminate\\\\Contracts\\\\Database\\\\ModelIdentifier\\\":5:{s:5:\\\"class\\\";s:18:\\\"App\\\\Models\\\\Payslip\\\";s:2:\\\"id\\\";i:118;s:9:\\\"relations\\\";a:2:{i:0;s:8:\\\"employee\\\";i:1;s:13:\\\"employee.user\\\";}s:10:\\\"connection\\\";s:5:\\\"mysql\\\";s:15:\\\"collectionClass\\\";N;}s:2:\\\"id\\\";s:36:\\\"204e0a75-7e44-4d34-ac6c-0f9ff3e71cec\\\";}s:8:\\\"channels\\\";a:1:{i:0;s:8:\\\"database\\\";}}\",\"batchId\":null},\"createdAt\":1783575471,\"delay\":null}','0',NULL,'1783575471','1783575471'),
('16','default','{\"uuid\":\"ecc7781f-e412-42fb-89f4-6816fa52435b\",\"displayName\":\"App\\\\Notifications\\\\PayslipApprovedNotification\",\"job\":\"Illuminate\\\\Queue\\\\CallQueuedHandler@call\",\"maxTries\":null,\"maxExceptions\":null,\"failOnTimeout\":false,\"backoff\":null,\"timeout\":null,\"retryUntil\":null,\"deleteWhenMissingModels\":false,\"data\":{\"commandName\":\"Illuminate\\\\Notifications\\\\SendQueuedNotifications\",\"command\":\"O:48:\\\"Illuminate\\\\Notifications\\\\SendQueuedNotifications\\\":3:{s:11:\\\"notifiables\\\";O:45:\\\"Illuminate\\\\Contracts\\\\Database\\\\ModelIdentifier\\\":5:{s:5:\\\"class\\\";s:15:\\\"App\\\\Models\\\\User\\\";s:2:\\\"id\\\";a:1:{i:0;i:5;}s:9:\\\"relations\\\";a:0:{}s:10:\\\"connection\\\";s:5:\\\"mysql\\\";s:15:\\\"collectionClass\\\";N;}s:12:\\\"notification\\\";O:45:\\\"App\\\\Notifications\\\\PayslipApprovedNotification\\\":2:{s:7:\\\"payslip\\\";O:45:\\\"Illuminate\\\\Contracts\\\\Database\\\\ModelIdentifier\\\":5:{s:5:\\\"class\\\";s:18:\\\"App\\\\Models\\\\Payslip\\\";s:2:\\\"id\\\";i:95;s:9:\\\"relations\\\";a:2:{i:0;s:8:\\\"employee\\\";i:1;s:13:\\\"employee.user\\\";}s:10:\\\"connection\\\";s:5:\\\"mysql\\\";s:15:\\\"collectionClass\\\";N;}s:2:\\\"id\\\";s:36:\\\"d16380c0-6812-4ddd-9e96-6b97d2206cc1\\\";}s:8:\\\"channels\\\";a:1:{i:0;s:8:\\\"database\\\";}}\",\"batchId\":null},\"createdAt\":1783575479,\"delay\":null}','0',NULL,'1783575479','1783575479'),
('17','default','{\"uuid\":\"fb50a3c8-2e22-4ad4-ad9a-d467146845c2\",\"displayName\":\"App\\\\Notifications\\\\PayslipApprovedNotification\",\"job\":\"Illuminate\\\\Queue\\\\CallQueuedHandler@call\",\"maxTries\":null,\"maxExceptions\":null,\"failOnTimeout\":false,\"backoff\":null,\"timeout\":null,\"retryUntil\":null,\"deleteWhenMissingModels\":false,\"data\":{\"commandName\":\"Illuminate\\\\Notifications\\\\SendQueuedNotifications\",\"command\":\"O:48:\\\"Illuminate\\\\Notifications\\\\SendQueuedNotifications\\\":3:{s:11:\\\"notifiables\\\";O:45:\\\"Illuminate\\\\Contracts\\\\Database\\\\ModelIdentifier\\\":5:{s:5:\\\"class\\\";s:15:\\\"App\\\\Models\\\\User\\\";s:2:\\\"id\\\";a:1:{i:0;i:5;}s:9:\\\"relations\\\";a:0:{}s:10:\\\"connection\\\";s:5:\\\"mysql\\\";s:15:\\\"collectionClass\\\";N;}s:12:\\\"notification\\\";O:45:\\\"App\\\\Notifications\\\\PayslipApprovedNotification\\\":2:{s:7:\\\"payslip\\\";O:45:\\\"Illuminate\\\\Contracts\\\\Database\\\\ModelIdentifier\\\":5:{s:5:\\\"class\\\";s:18:\\\"App\\\\Models\\\\Payslip\\\";s:2:\\\"id\\\";i:2;s:9:\\\"relations\\\";a:2:{i:0;s:8:\\\"employee\\\";i:1;s:13:\\\"employee.user\\\";}s:10:\\\"connection\\\";s:5:\\\"mysql\\\";s:15:\\\"collectionClass\\\";N;}s:2:\\\"id\\\";s:36:\\\"e7b51b1f-fe45-4ccb-a1fc-ac50ce9d3bfa\\\";}s:8:\\\"channels\\\";a:1:{i:0;s:8:\\\"database\\\";}}\",\"batchId\":null},\"createdAt\":1783575660,\"delay\":null}','0',NULL,'1783575660','1783575660'),
('18','default','{\"uuid\":\"74df28c1-47d1-4c18-9012-64cc527672f1\",\"displayName\":\"App\\\\Notifications\\\\PayslipApprovedNotification\",\"job\":\"Illuminate\\\\Queue\\\\CallQueuedHandler@call\",\"maxTries\":null,\"maxExceptions\":null,\"failOnTimeout\":false,\"backoff\":null,\"timeout\":null,\"retryUntil\":null,\"deleteWhenMissingModels\":false,\"data\":{\"commandName\":\"Illuminate\\\\Notifications\\\\SendQueuedNotifications\",\"command\":\"O:48:\\\"Illuminate\\\\Notifications\\\\SendQueuedNotifications\\\":3:{s:11:\\\"notifiables\\\";O:45:\\\"Illuminate\\\\Contracts\\\\Database\\\\ModelIdentifier\\\":5:{s:5:\\\"class\\\";s:15:\\\"App\\\\Models\\\\User\\\";s:2:\\\"id\\\";a:1:{i:0;i:6;}s:9:\\\"relations\\\";a:0:{}s:10:\\\"connection\\\";s:5:\\\"mysql\\\";s:15:\\\"collectionClass\\\";N;}s:12:\\\"notification\\\";O:45:\\\"App\\\\Notifications\\\\PayslipApprovedNotification\\\":2:{s:7:\\\"payslip\\\";O:45:\\\"Illuminate\\\\Contracts\\\\Database\\\\ModelIdentifier\\\":5:{s:5:\\\"class\\\";s:18:\\\"App\\\\Models\\\\Payslip\\\";s:2:\\\"id\\\";i:23;s:9:\\\"relations\\\";a:2:{i:0;s:8:\\\"employee\\\";i:1;s:13:\\\"employee.user\\\";}s:10:\\\"connection\\\";s:5:\\\"mysql\\\";s:15:\\\"collectionClass\\\";N;}s:2:\\\"id\\\";s:36:\\\"d9f2f918-dbda-4353-b987-af8db8e19fdc\\\";}s:8:\\\"channels\\\";a:1:{i:0;s:8:\\\"database\\\";}}\",\"batchId\":null},\"createdAt\":1783575661,\"delay\":null}','0',NULL,'1783575661','1783575661'),
('19','default','{\"uuid\":\"99d10646-3865-46e4-b301-5130ea152c21\",\"displayName\":\"App\\\\Notifications\\\\PayslipApprovedNotification\",\"job\":\"Illuminate\\\\Queue\\\\CallQueuedHandler@call\",\"maxTries\":null,\"maxExceptions\":null,\"failOnTimeout\":false,\"backoff\":null,\"timeout\":null,\"retryUntil\":null,\"deleteWhenMissingModels\":false,\"data\":{\"commandName\":\"Illuminate\\\\Notifications\\\\SendQueuedNotifications\",\"command\":\"O:48:\\\"Illuminate\\\\Notifications\\\\SendQueuedNotifications\\\":3:{s:11:\\\"notifiables\\\";O:45:\\\"Illuminate\\\\Contracts\\\\Database\\\\ModelIdentifier\\\":5:{s:5:\\\"class\\\";s:15:\\\"App\\\\Models\\\\User\\\";s:2:\\\"id\\\";a:1:{i:0;i:5;}s:9:\\\"relations\\\";a:0:{}s:10:\\\"connection\\\";s:5:\\\"mysql\\\";s:15:\\\"collectionClass\\\";N;}s:12:\\\"notification\\\";O:45:\\\"App\\\\Notifications\\\\PayslipApprovedNotification\\\":2:{s:7:\\\"payslip\\\";O:45:\\\"Illuminate\\\\Contracts\\\\Database\\\\ModelIdentifier\\\":5:{s:5:\\\"class\\\";s:18:\\\"App\\\\Models\\\\Payslip\\\";s:2:\\\"id\\\";i:24;s:9:\\\"relations\\\";a:2:{i:0;s:8:\\\"employee\\\";i:1;s:13:\\\"employee.user\\\";}s:10:\\\"connection\\\";s:5:\\\"mysql\\\";s:15:\\\"collectionClass\\\";N;}s:2:\\\"id\\\";s:36:\\\"f0dc97f2-06f7-4176-a744-a4fa6036a5a6\\\";}s:8:\\\"channels\\\";a:1:{i:0;s:8:\\\"database\\\";}}\",\"batchId\":null},\"createdAt\":1783575661,\"delay\":null}','0',NULL,'1783575661','1783575661'),
('20','default','{\"uuid\":\"ed7b71bb-9347-4427-a98a-2cdbe91f5162\",\"displayName\":\"App\\\\Notifications\\\\PayslipApprovedNotification\",\"job\":\"Illuminate\\\\Queue\\\\CallQueuedHandler@call\",\"maxTries\":null,\"maxExceptions\":null,\"failOnTimeout\":false,\"backoff\":null,\"timeout\":null,\"retryUntil\":null,\"deleteWhenMissingModels\":false,\"data\":{\"commandName\":\"Illuminate\\\\Notifications\\\\SendQueuedNotifications\",\"command\":\"O:48:\\\"Illuminate\\\\Notifications\\\\SendQueuedNotifications\\\":3:{s:11:\\\"notifiables\\\";O:45:\\\"Illuminate\\\\Contracts\\\\Database\\\\ModelIdentifier\\\":5:{s:5:\\\"class\\\";s:15:\\\"App\\\\Models\\\\User\\\";s:2:\\\"id\\\";a:1:{i:0;i:6;}s:9:\\\"relations\\\";a:0:{}s:10:\\\"connection\\\";s:5:\\\"mysql\\\";s:15:\\\"collectionClass\\\";N;}s:12:\\\"notification\\\";O:45:\\\"App\\\\Notifications\\\\PayslipApprovedNotification\\\":2:{s:7:\\\"payslip\\\";O:45:\\\"Illuminate\\\\Contracts\\\\Database\\\\ModelIdentifier\\\":5:{s:5:\\\"class\\\";s:18:\\\"App\\\\Models\\\\Payslip\\\";s:2:\\\"id\\\";i:45;s:9:\\\"relations\\\";a:2:{i:0;s:8:\\\"employee\\\";i:1;s:13:\\\"employee.user\\\";}s:10:\\\"connection\\\";s:5:\\\"mysql\\\";s:15:\\\"collectionClass\\\";N;}s:2:\\\"id\\\";s:36:\\\"f9a89893-3282-462a-a83e-377499c7270b\\\";}s:8:\\\"channels\\\";a:1:{i:0;s:8:\\\"database\\\";}}\",\"batchId\":null},\"createdAt\":1783575661,\"delay\":null}','0',NULL,'1783575661','1783575661'),
('21','default','{\"uuid\":\"a97fb444-7132-41c0-9b5e-91339b2b1896\",\"displayName\":\"App\\\\Notifications\\\\PayslipApprovedNotification\",\"job\":\"Illuminate\\\\Queue\\\\CallQueuedHandler@call\",\"maxTries\":null,\"maxExceptions\":null,\"failOnTimeout\":false,\"backoff\":null,\"timeout\":null,\"retryUntil\":null,\"deleteWhenMissingModels\":false,\"data\":{\"commandName\":\"Illuminate\\\\Notifications\\\\SendQueuedNotifications\",\"command\":\"O:48:\\\"Illuminate\\\\Notifications\\\\SendQueuedNotifications\\\":3:{s:11:\\\"notifiables\\\";O:45:\\\"Illuminate\\\\Contracts\\\\Database\\\\ModelIdentifier\\\":5:{s:5:\\\"class\\\";s:15:\\\"App\\\\Models\\\\User\\\";s:2:\\\"id\\\";a:1:{i:0;i:5;}s:9:\\\"relations\\\";a:0:{}s:10:\\\"connection\\\";s:5:\\\"mysql\\\";s:15:\\\"collectionClass\\\";N;}s:12:\\\"notification\\\";O:45:\\\"App\\\\Notifications\\\\PayslipApprovedNotification\\\":2:{s:7:\\\"payslip\\\";O:45:\\\"Illuminate\\\\Contracts\\\\Database\\\\ModelIdentifier\\\":5:{s:5:\\\"class\\\";s:18:\\\"App\\\\Models\\\\Payslip\\\";s:2:\\\"id\\\";i:47;s:9:\\\"relations\\\";a:2:{i:0;s:8:\\\"employee\\\";i:1;s:13:\\\"employee.user\\\";}s:10:\\\"connection\\\";s:5:\\\"mysql\\\";s:15:\\\"collectionClass\\\";N;}s:2:\\\"id\\\";s:36:\\\"b8eccc31-848a-4b7b-8190-934243e6f1ec\\\";}s:8:\\\"channels\\\";a:1:{i:0;s:8:\\\"database\\\";}}\",\"batchId\":null},\"createdAt\":1783575661,\"delay\":null}','0',NULL,'1783575661','1783575661'),
('22','default','{\"uuid\":\"b156894e-07ed-4dce-8475-40760dd6c6a3\",\"displayName\":\"App\\\\Notifications\\\\PayslipApprovedNotification\",\"job\":\"Illuminate\\\\Queue\\\\CallQueuedHandler@call\",\"maxTries\":null,\"maxExceptions\":null,\"failOnTimeout\":false,\"backoff\":null,\"timeout\":null,\"retryUntil\":null,\"deleteWhenMissingModels\":false,\"data\":{\"commandName\":\"Illuminate\\\\Notifications\\\\SendQueuedNotifications\",\"command\":\"O:48:\\\"Illuminate\\\\Notifications\\\\SendQueuedNotifications\\\":3:{s:11:\\\"notifiables\\\";O:45:\\\"Illuminate\\\\Contracts\\\\Database\\\\ModelIdentifier\\\":5:{s:5:\\\"class\\\";s:15:\\\"App\\\\Models\\\\User\\\";s:2:\\\"id\\\";a:1:{i:0;i:8;}s:9:\\\"relations\\\";a:0:{}s:10:\\\"connection\\\";s:5:\\\"mysql\\\";s:15:\\\"collectionClass\\\";N;}s:12:\\\"notification\\\";O:45:\\\"App\\\\Notifications\\\\PayslipApprovedNotification\\\":2:{s:7:\\\"payslip\\\";O:45:\\\"Illuminate\\\\Contracts\\\\Database\\\\ModelIdentifier\\\":5:{s:5:\\\"class\\\";s:18:\\\"App\\\\Models\\\\Payslip\\\";s:2:\\\"id\\\";i:70;s:9:\\\"relations\\\";a:2:{i:0;s:8:\\\"employee\\\";i:1;s:13:\\\"employee.user\\\";}s:10:\\\"connection\\\";s:5:\\\"mysql\\\";s:15:\\\"collectionClass\\\";N;}s:2:\\\"id\\\";s:36:\\\"28370f6a-c8c2-4f04-85ef-d58d126fc7cb\\\";}s:8:\\\"channels\\\";a:1:{i:0;s:8:\\\"database\\\";}}\",\"batchId\":null},\"createdAt\":1783575661,\"delay\":null}','0',NULL,'1783575661','1783575661'),
('23','default','{\"uuid\":\"3ab2afc0-bb09-4de7-a4e1-347994aa8978\",\"displayName\":\"App\\\\Notifications\\\\PayslipApprovedNotification\",\"job\":\"Illuminate\\\\Queue\\\\CallQueuedHandler@call\",\"maxTries\":null,\"maxExceptions\":null,\"failOnTimeout\":false,\"backoff\":null,\"timeout\":null,\"retryUntil\":null,\"deleteWhenMissingModels\":false,\"data\":{\"commandName\":\"Illuminate\\\\Notifications\\\\SendQueuedNotifications\",\"command\":\"O:48:\\\"Illuminate\\\\Notifications\\\\SendQueuedNotifications\\\":3:{s:11:\\\"notifiables\\\";O:45:\\\"Illuminate\\\\Contracts\\\\Database\\\\ModelIdentifier\\\":5:{s:5:\\\"class\\\";s:15:\\\"App\\\\Models\\\\User\\\";s:2:\\\"id\\\";a:1:{i:0;i:5;}s:9:\\\"relations\\\";a:0:{}s:10:\\\"connection\\\";s:5:\\\"mysql\\\";s:15:\\\"collectionClass\\\";N;}s:12:\\\"notification\\\";O:45:\\\"App\\\\Notifications\\\\PayslipApprovedNotification\\\":2:{s:7:\\\"payslip\\\";O:45:\\\"Illuminate\\\\Contracts\\\\Database\\\\ModelIdentifier\\\":5:{s:5:\\\"class\\\";s:18:\\\"App\\\\Models\\\\Payslip\\\";s:2:\\\"id\\\";i:71;s:9:\\\"relations\\\";a:2:{i:0;s:8:\\\"employee\\\";i:1;s:13:\\\"employee.user\\\";}s:10:\\\"connection\\\";s:5:\\\"mysql\\\";s:15:\\\"collectionClass\\\";N;}s:2:\\\"id\\\";s:36:\\\"ffb63b4c-59ec-4fcf-81ce-7531f35dd67d\\\";}s:8:\\\"channels\\\";a:1:{i:0;s:8:\\\"database\\\";}}\",\"batchId\":null},\"createdAt\":1783575661,\"delay\":null}','0',NULL,'1783575661','1783575661'),
('24','default','{\"uuid\":\"c72a3c7b-4471-4a63-89b3-245147029776\",\"displayName\":\"App\\\\Notifications\\\\PayslipApprovedNotification\",\"job\":\"Illuminate\\\\Queue\\\\CallQueuedHandler@call\",\"maxTries\":null,\"maxExceptions\":null,\"failOnTimeout\":false,\"backoff\":null,\"timeout\":null,\"retryUntil\":null,\"deleteWhenMissingModels\":false,\"data\":{\"commandName\":\"Illuminate\\\\Notifications\\\\SendQueuedNotifications\",\"command\":\"O:48:\\\"Illuminate\\\\Notifications\\\\SendQueuedNotifications\\\":3:{s:11:\\\"notifiables\\\";O:45:\\\"Illuminate\\\\Contracts\\\\Database\\\\ModelIdentifier\\\":5:{s:5:\\\"class\\\";s:15:\\\"App\\\\Models\\\\User\\\";s:2:\\\"id\\\";a:1:{i:0;i:6;}s:9:\\\"relations\\\";a:0:{}s:10:\\\"connection\\\";s:5:\\\"mysql\\\";s:15:\\\"collectionClass\\\";N;}s:12:\\\"notification\\\";O:45:\\\"App\\\\Notifications\\\\PayslipApprovedNotification\\\":2:{s:7:\\\"payslip\\\";O:45:\\\"Illuminate\\\\Contracts\\\\Database\\\\ModelIdentifier\\\":5:{s:5:\\\"class\\\";s:18:\\\"App\\\\Models\\\\Payslip\\\";s:2:\\\"id\\\";i:92;s:9:\\\"relations\\\";a:2:{i:0;s:8:\\\"employee\\\";i:1;s:13:\\\"employee.user\\\";}s:10:\\\"connection\\\";s:5:\\\"mysql\\\";s:15:\\\"collectionClass\\\";N;}s:2:\\\"id\\\";s:36:\\\"c28616bc-5325-4493-a761-f8c3f226363e\\\";}s:8:\\\"channels\\\";a:1:{i:0;s:8:\\\"database\\\";}}\",\"batchId\":null},\"createdAt\":1783575661,\"delay\":null}','0',NULL,'1783575661','1783575661'),
('25','default','{\"uuid\":\"ef48bc4d-b843-4de5-811a-eca7c60afd09\",\"displayName\":\"App\\\\Notifications\\\\PayslipApprovedNotification\",\"job\":\"Illuminate\\\\Queue\\\\CallQueuedHandler@call\",\"maxTries\":null,\"maxExceptions\":null,\"failOnTimeout\":false,\"backoff\":null,\"timeout\":null,\"retryUntil\":null,\"deleteWhenMissingModels\":false,\"data\":{\"commandName\":\"Illuminate\\\\Notifications\\\\SendQueuedNotifications\",\"command\":\"O:48:\\\"Illuminate\\\\Notifications\\\\SendQueuedNotifications\\\":3:{s:11:\\\"notifiables\\\";O:45:\\\"Illuminate\\\\Contracts\\\\Database\\\\ModelIdentifier\\\":5:{s:5:\\\"class\\\";s:15:\\\"App\\\\Models\\\\User\\\";s:2:\\\"id\\\";a:1:{i:0;i:8;}s:9:\\\"relations\\\";a:0:{}s:10:\\\"connection\\\";s:5:\\\"mysql\\\";s:15:\\\"collectionClass\\\";N;}s:12:\\\"notification\\\";O:45:\\\"App\\\\Notifications\\\\PayslipApprovedNotification\\\":2:{s:7:\\\"payslip\\\";O:45:\\\"Illuminate\\\\Contracts\\\\Database\\\\ModelIdentifier\\\":5:{s:5:\\\"class\\\";s:18:\\\"App\\\\Models\\\\Payslip\\\";s:2:\\\"id\\\";i:94;s:9:\\\"relations\\\";a:2:{i:0;s:8:\\\"employee\\\";i:1;s:13:\\\"employee.user\\\";}s:10:\\\"connection\\\";s:5:\\\"mysql\\\";s:15:\\\"collectionClass\\\";N;}s:2:\\\"id\\\";s:36:\\\"893a8629-4d56-400b-8518-e63eddf4f410\\\";}s:8:\\\"channels\\\";a:1:{i:0;s:8:\\\"database\\\";}}\",\"batchId\":null},\"createdAt\":1783575661,\"delay\":null}','0',NULL,'1783575661','1783575661'),
('26','default','{\"uuid\":\"6d7a06ec-6f95-4361-b8ae-694503a9bb24\",\"displayName\":\"App\\\\Notifications\\\\DraftPayslipNotification\",\"job\":\"Illuminate\\\\Queue\\\\CallQueuedHandler@call\",\"maxTries\":null,\"maxExceptions\":null,\"failOnTimeout\":false,\"backoff\":null,\"timeout\":null,\"retryUntil\":null,\"deleteWhenMissingModels\":false,\"data\":{\"commandName\":\"Illuminate\\\\Notifications\\\\SendQueuedNotifications\",\"command\":\"O:48:\\\"Illuminate\\\\Notifications\\\\SendQueuedNotifications\\\":3:{s:11:\\\"notifiables\\\";O:45:\\\"Illuminate\\\\Contracts\\\\Database\\\\ModelIdentifier\\\":5:{s:5:\\\"class\\\";s:15:\\\"App\\\\Models\\\\User\\\";s:2:\\\"id\\\";a:1:{i:0;i:1;}s:9:\\\"relations\\\";a:0:{}s:10:\\\"connection\\\";s:5:\\\"mysql\\\";s:15:\\\"collectionClass\\\";N;}s:12:\\\"notification\\\";O:42:\\\"App\\\\Notifications\\\\DraftPayslipNotification\\\":2:{s:6:\\\"period\\\";s:8:\\\"2-7-2026\\\";s:2:\\\"id\\\";s:36:\\\"f6c3111a-4fd5-47e5-8560-0fdd4b3906a2\\\";}s:8:\\\"channels\\\";a:1:{i:0;s:8:\\\"database\\\";}}\",\"batchId\":null},\"createdAt\":1783576472,\"delay\":null}','0',NULL,'1783576472','1783576472'),
('27','default','{\"uuid\":\"8732146c-c9f9-466d-9e77-4fce0c278282\",\"displayName\":\"App\\\\Notifications\\\\DraftPayslipNotification\",\"job\":\"Illuminate\\\\Queue\\\\CallQueuedHandler@call\",\"maxTries\":null,\"maxExceptions\":null,\"failOnTimeout\":false,\"backoff\":null,\"timeout\":null,\"retryUntil\":null,\"deleteWhenMissingModels\":false,\"data\":{\"commandName\":\"Illuminate\\\\Notifications\\\\SendQueuedNotifications\",\"command\":\"O:48:\\\"Illuminate\\\\Notifications\\\\SendQueuedNotifications\\\":3:{s:11:\\\"notifiables\\\";O:45:\\\"Illuminate\\\\Contracts\\\\Database\\\\ModelIdentifier\\\":5:{s:5:\\\"class\\\";s:15:\\\"App\\\\Models\\\\User\\\";s:2:\\\"id\\\";a:1:{i:0;i:3;}s:9:\\\"relations\\\";a:0:{}s:10:\\\"connection\\\";s:5:\\\"mysql\\\";s:15:\\\"collectionClass\\\";N;}s:12:\\\"notification\\\";O:42:\\\"App\\\\Notifications\\\\DraftPayslipNotification\\\":2:{s:6:\\\"period\\\";s:8:\\\"2-7-2026\\\";s:2:\\\"id\\\";s:36:\\\"8e53dcd7-05b2-412b-9ded-7dc83bbfbc2f\\\";}s:8:\\\"channels\\\";a:1:{i:0;s:8:\\\"database\\\";}}\",\"batchId\":null},\"createdAt\":1783576472,\"delay\":null}','0',NULL,'1783576472','1783576472'),
('28','default','{\"uuid\":\"66d33838-0ea0-4438-be48-a1e9c9e35bad\",\"displayName\":\"App\\\\Notifications\\\\DraftPayslipNotification\",\"job\":\"Illuminate\\\\Queue\\\\CallQueuedHandler@call\",\"maxTries\":null,\"maxExceptions\":null,\"failOnTimeout\":false,\"backoff\":null,\"timeout\":null,\"retryUntil\":null,\"deleteWhenMissingModels\":false,\"data\":{\"commandName\":\"Illuminate\\\\Notifications\\\\SendQueuedNotifications\",\"command\":\"O:48:\\\"Illuminate\\\\Notifications\\\\SendQueuedNotifications\\\":3:{s:11:\\\"notifiables\\\";O:45:\\\"Illuminate\\\\Contracts\\\\Database\\\\ModelIdentifier\\\":5:{s:5:\\\"class\\\";s:15:\\\"App\\\\Models\\\\User\\\";s:2:\\\"id\\\";a:1:{i:0;i:7;}s:9:\\\"relations\\\";a:0:{}s:10:\\\"connection\\\";s:5:\\\"mysql\\\";s:15:\\\"collectionClass\\\";N;}s:12:\\\"notification\\\";O:42:\\\"App\\\\Notifications\\\\DraftPayslipNotification\\\":2:{s:6:\\\"period\\\";s:8:\\\"2-7-2026\\\";s:2:\\\"id\\\";s:36:\\\"bf14a4b4-97e9-4408-838e-cde26a33b3c7\\\";}s:8:\\\"channels\\\";a:1:{i:0;s:8:\\\"database\\\";}}\",\"batchId\":null},\"createdAt\":1783576472,\"delay\":null}','0',NULL,'1783576472','1783576472'),
('29','default','{\"uuid\":\"ddfcc201-eaec-4424-bbd9-002544cb5540\",\"displayName\":\"App\\\\Notifications\\\\DraftPayslipNotification\",\"job\":\"Illuminate\\\\Queue\\\\CallQueuedHandler@call\",\"maxTries\":null,\"maxExceptions\":null,\"failOnTimeout\":false,\"backoff\":null,\"timeout\":null,\"retryUntil\":null,\"deleteWhenMissingModels\":false,\"data\":{\"commandName\":\"Illuminate\\\\Notifications\\\\SendQueuedNotifications\",\"command\":\"O:48:\\\"Illuminate\\\\Notifications\\\\SendQueuedNotifications\\\":3:{s:11:\\\"notifiables\\\";O:45:\\\"Illuminate\\\\Contracts\\\\Database\\\\ModelIdentifier\\\":5:{s:5:\\\"class\\\";s:15:\\\"App\\\\Models\\\\User\\\";s:2:\\\"id\\\";a:1:{i:0;i:8;}s:9:\\\"relations\\\";a:0:{}s:10:\\\"connection\\\";s:5:\\\"mysql\\\";s:15:\\\"collectionClass\\\";N;}s:12:\\\"notification\\\";O:42:\\\"App\\\\Notifications\\\\DraftPayslipNotification\\\":2:{s:6:\\\"period\\\";s:8:\\\"2-7-2026\\\";s:2:\\\"id\\\";s:36:\\\"b150c056-288c-4b8c-a50e-adcf0360c8dd\\\";}s:8:\\\"channels\\\";a:1:{i:0;s:8:\\\"database\\\";}}\",\"batchId\":null},\"createdAt\":1783576472,\"delay\":null}','0',NULL,'1783576472','1783576472');

DROP TABLE IF EXISTS `leave_requests`;
CREATE TABLE `leave_requests` (
  `id` bigint unsigned NOT NULL AUTO_INCREMENT,
  `employee_id` bigint unsigned NOT NULL,
  `start_date` date NOT NULL,
  `end_date` date NOT NULL,
  `leave_type` enum('Tahunan','Sakit','Lainnya') COLLATE utf8mb4_unicode_ci NOT NULL,
  `status` enum('Menunggu','Disetujui','Ditolak') COLLATE utf8mb4_unicode_ci NOT NULL DEFAULT 'Menunggu',
  `created_at` timestamp NULL DEFAULT NULL,
  `updated_at` timestamp NULL DEFAULT NULL,
  PRIMARY KEY (`id`),
  KEY `leave_requests_employee_id_foreign` (`employee_id`),
  CONSTRAINT `leave_requests_employee_id_foreign` FOREIGN KEY (`employee_id`) REFERENCES `employees` (`id`) ON DELETE CASCADE
) ENGINE=InnoDB AUTO_INCREMENT=27 DEFAULT CHARSET=utf8mb4 COLLATE=utf8mb4_unicode_ci;

INSERT INTO `leave_requests` VALUES 
('1','1','2023-11-01','2023-11-03','Tahunan','Ditolak','2026-07-02 17:33:03','2026-07-02 17:39:34'),
('2','1','2023-10-15','2023-10-15','Sakit','Disetujui','2026-07-02 17:33:03','2026-07-02 17:33:03'),
('3','2','2026-06-08','2026-06-11','Lainnya','Ditolak','2026-07-02 17:33:03','2026-07-02 17:33:03'),
('4','2','2026-06-15','2026-06-16','Sakit','Ditolak','2026-07-02 17:33:03','2026-07-02 17:33:03'),
('5','3','2026-06-28','2026-07-01','Tahunan','Disetujui','2026-07-02 17:33:03','2026-07-02 17:33:03'),
('6','3','2026-07-10','2026-07-11','Sakit','Disetujui','2026-07-02 17:33:03','2026-07-02 17:33:03'),
('7','4','2026-06-30','2026-07-05','Tahunan','Disetujui','2026-07-02 17:33:03','2026-07-02 17:33:03'),
('8','4','2026-06-04','2026-06-08','Lainnya','Menunggu','2026-07-02 17:33:03','2026-07-02 17:33:03'),
('9','5','2026-07-15','2026-07-16','Tahunan','Ditolak','2026-07-02 17:33:03','2026-07-02 17:33:03'),
('10','5','2026-07-19','2026-07-20','Lainnya','Disetujui','2026-07-02 17:33:03','2026-07-02 17:33:03'),
('11','6','2026-06-29','2026-07-03','Sakit','Disetujui','2026-07-02 17:33:03','2026-07-02 17:33:03'),
('12','6','2026-06-13','2026-06-14','Tahunan','Menunggu','2026-07-02 17:33:03','2026-07-02 17:33:03'),
('13','7','2026-06-07','2026-06-08','Tahunan','Menunggu','2026-07-02 17:33:03','2026-07-02 17:33:03'),
('14','7','2026-07-17','2026-07-21','Tahunan','Menunggu','2026-07-02 17:33:03','2026-07-02 17:33:03'),
('15','8','2026-06-03','2026-06-06','Tahunan','Menunggu','2026-07-02 17:33:03','2026-07-02 17:33:03'),
('16','8','2026-07-04','2026-07-09','Lainnya','Disetujui','2026-07-02 17:33:03','2026-07-02 17:33:03'),
('17','9','2026-06-17','2026-06-21','Tahunan','Disetujui','2026-07-02 17:33:03','2026-07-02 17:33:03'),
('18','9','2026-07-18','2026-07-19','Tahunan','Disetujui','2026-07-02 17:33:03','2026-07-02 17:33:03'),
('19','10','2026-06-27','2026-07-02','Sakit','Ditolak','2026-07-02 17:33:03','2026-07-02 17:33:03'),
('20','10','2026-06-25','2026-06-28','Sakit','Ditolak','2026-07-02 17:33:03','2026-07-02 17:33:03'),
('21','11','2026-06-21','2026-06-26','Lainnya','Disetujui','2026-07-02 17:33:03','2026-07-02 17:33:03'),
('22','11','2026-07-21','2026-07-26','Lainnya','Disetujui','2026-07-02 17:33:03','2026-07-02 17:33:03'),
('23','22','2024-10-05','2024-10-05','Tahunan','Disetujui','2026-07-02 20:10:56','2026-07-02 20:10:57'),
('24','1','2026-02-07','2026-09-07','Lainnya','Disetujui','2026-07-02 20:14:20','2026-07-09 07:15:08'),
('25','22','2026-07-03','2026-07-06','Tahunan','Disetujui','2026-07-03 10:41:27','2026-07-08 16:42:31'),
('26','22','2026-07-09','2026-07-11','Lainnya','Disetujui','2026-07-09 08:23:09','2026-07-09 08:24:01');

DROP TABLE IF EXISTS `migrations`;
CREATE TABLE `migrations` (
  `id` int unsigned NOT NULL AUTO_INCREMENT,
  `migration` varchar(255) COLLATE utf8mb4_unicode_ci NOT NULL,
  `batch` int NOT NULL,
  PRIMARY KEY (`id`)
) ENGINE=InnoDB AUTO_INCREMENT=19 DEFAULT CHARSET=utf8mb4 COLLATE=utf8mb4_unicode_ci;

INSERT INTO `migrations` VALUES 
('1','0001_01_01_000000_create_users_table','1'),
('2','0001_01_01_000001_create_cache_table','1'),
('3','0001_01_01_000002_create_jobs_table','1'),
('4','2026_03_18_063207_create_settings_table','1'),
('5','2026_07_01_090259_create_departments_table','1'),
('6','2026_07_01_090300_create_positions_table','1'),
('7','2026_07_01_090301_create_employees_table','1'),
('8','2026_07_01_093828_create_salary_structures_table','1'),
('9','2026_07_01_110419_create_allowances_table','1'),
('10','2026_07_01_110422_create_deductions_table','1'),
('11','2026_07_01_112541_create_attendance_records_table','1'),
('12','2026_07_01_120533_create_leave_requests_table','1'),
('13','2026_07_01_122600_create_tax_records_table','1'),
('14','2026_07_02_132832_create_payslips_table','1'),
('15','2026_07_09_074033_create_notifications_table','2'),
('16','2026_07_09_075709_create_tax_configs_table','3'),
('17','2026_07_09_075710_alter_payslips_table','3'),
('18','2026_07_09_090043_add_phone_to_users_table','4');

DROP TABLE IF EXISTS `notifications`;
CREATE TABLE `notifications` (
  `id` char(36) COLLATE utf8mb4_unicode_ci NOT NULL,
  `type` varchar(255) COLLATE utf8mb4_unicode_ci NOT NULL,
  `notifiable_type` varchar(255) COLLATE utf8mb4_unicode_ci NOT NULL,
  `notifiable_id` bigint unsigned NOT NULL,
  `data` text COLLATE utf8mb4_unicode_ci NOT NULL,
  `read_at` timestamp NULL DEFAULT NULL,
  `created_at` timestamp NULL DEFAULT NULL,
  `updated_at` timestamp NULL DEFAULT NULL,
  PRIMARY KEY (`id`),
  KEY `notifications_notifiable_type_notifiable_id_index` (`notifiable_type`,`notifiable_id`)
) ENGINE=InnoDB DEFAULT CHARSET=utf8mb4 COLLATE=utf8mb4_unicode_ci;

INSERT INTO `notifications` VALUES 
('34196117-f568-4931-8c0d-9986f53fa9bc','App\\Notifications\\LeaveRequestedNotification','App\\Models\\User','1','{\"leave_request_id\":26,\"title\":\"Pengajuan Cuti Baru\",\"message\":\"Test mengajukan cuti.\",\"url\":\"http:\\/\\/laravel-niceadmin-bootstrap.test\\/leave-requests\\/26\"}','2026-07-09 08:23:35','2026-07-09 08:23:09','2026-07-09 08:23:35'),
('80166723-eb67-45c4-b5ad-be550524fdf4','App\\Notifications\\LeaveRequestedNotification','App\\Models\\User','7','{\"leave_request_id\":26,\"title\":\"Pengajuan Cuti Baru\",\"message\":\"Test mengajukan cuti.\",\"url\":\"http:\\/\\/laravel-niceadmin-bootstrap.test\\/leave-requests\\/26\"}',NULL,'2026-07-09 08:23:09','2026-07-09 08:23:09'),
('8d835f71-5895-4ee9-b484-5e52ef5aa674','App\\Notifications\\LeaveRequestedNotification','App\\Models\\User','9','{\"leave_request_id\":26,\"title\":\"Pengajuan Cuti Baru\",\"message\":\"Test mengajukan cuti.\",\"url\":\"http:\\/\\/laravel-niceadmin-bootstrap.test\\/leave-requests\\/26\"}','2026-07-09 13:49:05','2026-07-09 08:23:09','2026-07-09 13:49:05'),
('935bad4d-ad3a-4573-932b-14813d9578e3','App\\Notifications\\LeaveRequestedNotification','App\\Models\\User','8','{\"leave_request_id\":26,\"title\":\"Pengajuan Cuti Baru\",\"message\":\"Test mengajukan cuti.\",\"url\":\"http:\\/\\/laravel-niceadmin-bootstrap.test\\/leave-requests\\/26\"}',NULL,'2026-07-09 08:23:09','2026-07-09 08:23:09'),
('becd7efa-3624-4369-aece-31f428716621','App\\Notifications\\LeaveRequestedNotification','App\\Models\\User','2','{\"leave_request_id\":26,\"title\":\"Pengajuan Cuti Baru\",\"message\":\"Test mengajukan cuti.\",\"url\":\"http:\\/\\/laravel-niceadmin-bootstrap.test\\/leave-requests\\/26\"}','2026-07-09 10:07:36','2026-07-09 08:23:09','2026-07-09 10:07:36'),
('efbcee0d-7d19-4040-a49d-e24394ca32c3','App\\Notifications\\LeaveRequestedNotification','App\\Models\\User','3','{\"leave_request_id\":26,\"title\":\"Pengajuan Cuti Baru\",\"message\":\"Test mengajukan cuti.\",\"url\":\"http:\\/\\/laravel-niceadmin-bootstrap.test\\/leave-requests\\/26\"}',NULL,'2026-07-09 08:23:09','2026-07-09 08:23:09');

DROP TABLE IF EXISTS `password_reset_tokens`;
CREATE TABLE `password_reset_tokens` (
  `email` varchar(255) COLLATE utf8mb4_unicode_ci NOT NULL,
  `token` varchar(255) COLLATE utf8mb4_unicode_ci NOT NULL,
  `created_at` timestamp NULL DEFAULT NULL,
  PRIMARY KEY (`email`)
) ENGINE=InnoDB DEFAULT CHARSET=utf8mb4 COLLATE=utf8mb4_unicode_ci;

DROP TABLE IF EXISTS `payslips`;
CREATE TABLE `payslips` (
  `id` bigint unsigned NOT NULL AUTO_INCREMENT,
  `employee_id` bigint unsigned NOT NULL,
  `period` varchar(255) COLLATE utf8mb4_unicode_ci NOT NULL,
  `basic_salary` decimal(15,2) NOT NULL DEFAULT '0.00',
  `allowance_total` decimal(15,2) NOT NULL DEFAULT '0.00',
  `deduction_total` decimal(15,2) NOT NULL DEFAULT '0.00',
  `pph21_tax` decimal(15,2) NOT NULL DEFAULT '0.00',
  `bpjs_fee` decimal(15,2) NOT NULL DEFAULT '0.00',
  `net_salary` decimal(15,2) NOT NULL,
  `status` enum('draft','approved','paid') COLLATE utf8mb4_unicode_ci NOT NULL DEFAULT 'draft',
  `payment_date` date NOT NULL,
  `created_at` timestamp NULL DEFAULT NULL,
  `updated_at` timestamp NULL DEFAULT NULL,
  PRIMARY KEY (`id`),
  KEY `payslips_employee_id_foreign` (`employee_id`),
  CONSTRAINT `payslips_employee_id_foreign` FOREIGN KEY (`employee_id`) REFERENCES `employees` (`id`) ON DELETE CASCADE
) ENGINE=InnoDB AUTO_INCREMENT=119 DEFAULT CHARSET=utf8mb4 COLLATE=utf8mb4_unicode_ci;

INSERT INTO `payslips` VALUES 
('1','1','10-2023','0.00','0.00','0.00','0.00','0.00','8350000.00','approved','2023-10-28','2026-07-02 17:33:03','2026-07-09 13:37:42'),
('2','1','10-2024','0.00','0.00','0.00','0.00','0.00','8209350.00','approved','2026-07-02','2026-07-02 20:10:58','2026-07-09 13:41:00'),
('3','2','10-2024','0.00','0.00','0.00','0.00','0.00','4308705.00','approved','2026-07-02','2026-07-02 20:10:58','2026-07-09 13:41:00'),
('4','3','10-2024','0.00','0.00','0.00','0.00','0.00','13053467.00','approved','2026-07-02','2026-07-02 20:10:58','2026-07-09 13:41:00'),
('5','4','10-2024','0.00','0.00','0.00','0.00','0.00','4881733.00','approved','2026-07-02','2026-07-02 20:10:58','2026-07-09 13:41:00'),
('6','5','10-2024','0.00','0.00','0.00','0.00','0.00','14105553.40','approved','2026-07-02','2026-07-02 20:10:58','2026-07-09 13:41:01'),
('7','6','10-2024','0.00','0.00','0.00','0.00','0.00','11612599.80','approved','2026-07-02','2026-07-02 20:10:58','2026-07-09 13:41:01'),
('8','7','10-2024','0.00','0.00','0.00','0.00','0.00','5513099.00','approved','2026-07-02','2026-07-02 20:10:58','2026-07-09 13:41:01'),
('9','8','10-2024','0.00','0.00','0.00','0.00','0.00','13621837.15','approved','2026-07-02','2026-07-02 20:10:58','2026-07-09 13:41:01'),
('10','9','10-2024','0.00','0.00','0.00','0.00','0.00','12999798.60','approved','2026-07-02','2026-07-02 20:10:58','2026-07-09 13:41:01'),
('11','10','10-2024','0.00','0.00','0.00','0.00','0.00','12920233.95','approved','2026-07-02','2026-07-02 20:10:58','2026-07-09 13:41:01'),
('12','11','10-2024','0.00','0.00','0.00','0.00','0.00','6646129.48','approved','2026-07-02','2026-07-02 20:10:58','2026-07-09 13:41:01'),
('13','12','10-2024','0.00','0.00','0.00','0.00','0.00','0.00','approved','2026-07-02','2026-07-02 20:10:58','2026-07-09 13:41:01'),
('14','13','10-2024','0.00','0.00','0.00','0.00','0.00','0.00','approved','2026-07-02','2026-07-02 20:10:58','2026-07-09 13:41:01'),
('15','14','10-2024','0.00','0.00','0.00','0.00','0.00','0.00','approved','2026-07-02','2026-07-02 20:10:58','2026-07-09 13:41:01'),
('16','15','10-2024','0.00','0.00','0.00','0.00','0.00','0.00','approved','2026-07-02','2026-07-02 20:10:58','2026-07-09 13:41:01'),
('17','16','10-2024','0.00','0.00','0.00','0.00','0.00','0.00','approved','2026-07-02','2026-07-02 20:10:58','2026-07-09 13:41:01'),
('18','17','10-2024','0.00','0.00','0.00','0.00','0.00','0.00','approved','2026-07-02','2026-07-02 20:10:58','2026-07-09 13:41:01'),
('19','18','10-2024','0.00','0.00','0.00','0.00','0.00','0.00','approved','2026-07-02','2026-07-02 20:10:58','2026-07-09 13:41:01'),
('20','19','10-2024','0.00','0.00','0.00','0.00','0.00','0.00','approved','2026-07-02','2026-07-02 20:10:58','2026-07-09 13:41:01'),
('21','20','10-2024','0.00','0.00','0.00','0.00','0.00','0.00','approved','2026-07-02','2026-07-02 20:10:58','2026-07-09 13:41:01'),
('22','21','10-2024','0.00','0.00','0.00','0.00','0.00','0.00','approved','2026-07-02','2026-07-02 20:10:58','2026-07-09 13:41:01'),
('23','22','10-2024','0.00','0.00','0.00','0.00','0.00','10128409.09','approved','2026-07-02','2026-07-02 20:10:58','2026-07-09 13:41:01'),
('24','1','2-7-2026','0.00','0.00','0.00','0.00','0.00','11759000.00','approved','2026-07-03','2026-07-02 20:15:52','2026-07-09 13:41:01'),
('25','2','2-7-2026','0.00','0.00','0.00','0.00','0.00','12134891.05','approved','2026-07-03','2026-07-02 20:15:52','2026-07-09 13:41:01'),
('26','3','2-7-2026','0.00','0.00','0.00','0.00','0.00','13053467.00','approved','2026-07-03','2026-07-02 20:15:52','2026-07-09 13:41:01'),
('27','4','2-7-2026','0.00','0.00','0.00','0.00','0.00','4881733.00','approved','2026-07-03','2026-07-02 20:15:52','2026-07-09 13:41:01'),
('28','5','2-7-2026','0.00','0.00','0.00','0.00','0.00','14105553.40','approved','2026-07-03','2026-07-02 20:15:52','2026-07-09 13:41:01'),
('29','6','2-7-2026','0.00','0.00','0.00','0.00','0.00','11612599.80','approved','2026-07-03','2026-07-02 20:15:52','2026-07-09 13:41:01'),
('30','7','2-7-2026','0.00','0.00','0.00','0.00','0.00','5513099.00','approved','2026-07-03','2026-07-02 20:15:52','2026-07-09 13:41:01'),
('31','8','2-7-2026','0.00','0.00','0.00','0.00','0.00','13621837.15','approved','2026-07-03','2026-07-02 20:15:52','2026-07-09 13:41:01'),
('32','9','2-7-2026','0.00','0.00','0.00','0.00','0.00','12999798.60','approved','2026-07-03','2026-07-02 20:15:52','2026-07-09 13:41:01'),
('33','10','2-7-2026','0.00','0.00','0.00','0.00','0.00','12920233.95','approved','2026-07-03','2026-07-02 20:15:53','2026-07-09 13:41:01'),
('34','11','2-7-2026','0.00','0.00','0.00','0.00','0.00','6646129.48','approved','2026-07-03','2026-07-02 20:15:53','2026-07-09 13:41:01'),
('35','12','2-7-2026','0.00','0.00','0.00','0.00','0.00','0.00','approved','2026-07-03','2026-07-02 20:15:53','2026-07-09 13:41:01'),
('36','13','2-7-2026','0.00','0.00','0.00','0.00','0.00','0.00','approved','2026-07-03','2026-07-02 20:15:53','2026-07-09 13:41:01'),
('37','14','2-7-2026','0.00','0.00','0.00','0.00','0.00','0.00','approved','2026-07-03','2026-07-02 20:15:53','2026-07-09 13:41:01'),
('38','15','2-7-2026','0.00','0.00','0.00','0.00','0.00','0.00','approved','2026-07-03','2026-07-02 20:15:53','2026-07-09 13:41:01'),
('39','16','2-7-2026','0.00','0.00','0.00','0.00','0.00','0.00','approved','2026-07-03','2026-07-02 20:15:53','2026-07-09 13:41:01'),
('40','17','2-7-2026','0.00','0.00','0.00','0.00','0.00','0.00','approved','2026-07-03','2026-07-02 20:15:53','2026-07-09 13:41:01'),
('41','18','2-7-2026','0.00','0.00','0.00','0.00','0.00','0.00','approved','2026-07-03','2026-07-02 20:15:53','2026-07-09 13:41:01'),
('42','19','2-7-2026','0.00','0.00','0.00','0.00','0.00','0.00','approved','2026-07-03','2026-07-02 20:15:53','2026-07-09 13:41:01'),
('43','20','2-7-2026','0.00','0.00','0.00','0.00','0.00','0.00','approved','2026-07-03','2026-07-02 20:15:53','2026-07-09 13:41:01'),
('44','21','2-7-2026','0.00','0.00','0.00','0.00','0.00','0.00','approved','2026-07-03','2026-07-02 20:15:53','2026-07-09 13:41:01'),
('45','22','2-7-2026','0.00','0.00','0.00','0.00','0.00','11037500.00','approved','2026-07-03','2026-07-02 20:15:53','2026-07-09 13:41:01'),
('46','23','2-7-2026','0.00','0.00','0.00','0.00','0.00','7268750.00','approved','2026-07-03','2026-07-03 10:37:53','2026-07-09 13:41:01'),
('47','1','07-2026','0.00','540000.00','150000.00','0.00','0.00','390000.00','approved','2026-07-25','2026-07-09 08:17:06','2026-07-09 13:41:01'),
('48','2','07-2026','0.00','746053.00','61754.00','0.00','0.00','684299.00','approved','2026-07-25','2026-07-09 08:17:06','2026-07-09 13:41:01'),
('49','3','07-2026','0.00','1583800.00','138160.00','0.00','0.00','1445640.00','approved','2026-07-25','2026-07-09 08:17:06','2026-07-09 13:41:01'),
('50','4','07-2026','0.00','490498.00','31426.00','0.00','0.00','459072.00','approved','2026-07-25','2026-07-09 08:17:06','2026-07-09 13:41:01'),
('51','5','07-2026','0.00','1630856.00','30773.00','0.00','0.00','1600083.00','approved','2026-07-25','2026-07-09 08:17:06','2026-07-09 13:41:01'),
('52','6','07-2026','0.00','1157595.00','190361.00','0.00','0.00','967234.00','approved','2026-07-25','2026-07-09 08:17:06','2026-07-09 13:41:01'),
('53','7','07-2026','0.00','959889.00','111987.00','0.00','0.00','847902.00','approved','2026-07-25','2026-07-09 08:17:06','2026-07-09 13:41:01'),
('54','8','07-2026','0.00','1252870.00','43959.00','0.00','0.00','1208911.00','approved','2026-07-25','2026-07-09 08:17:06','2026-07-09 13:41:01'),
('55','9','07-2026','0.00','1467049.00','176355.00','0.00','0.00','1290694.00','approved','2026-07-25','2026-07-09 08:17:06','2026-07-09 13:41:01'),
('56','10','07-2026','0.00','455236.00','56318.00','0.00','0.00','398918.00','approved','2026-07-25','2026-07-09 08:17:06','2026-07-09 13:41:01'),
('57','11','07-2026','0.00','629278.00','183556.00','0.00','0.00','445722.00','approved','2026-07-25','2026-07-09 08:17:06','2026-07-09 13:41:01'),
('58','12','07-2026','0.00','0.00','0.00','0.00','0.00','0.00','approved','2026-07-25','2026-07-09 08:17:06','2026-07-09 13:41:01'),
('59','13','07-2026','0.00','0.00','0.00','0.00','0.00','0.00','approved','2026-07-25','2026-07-09 08:17:06','2026-07-09 13:41:01'),
('60','14','07-2026','0.00','0.00','0.00','0.00','0.00','0.00','approved','2026-07-25','2026-07-09 08:17:06','2026-07-09 13:41:01'),
('61','15','07-2026','0.00','0.00','0.00','0.00','0.00','0.00','approved','2026-07-25','2026-07-09 08:17:06','2026-07-09 13:41:01'),
('62','16','07-2026','0.00','0.00','0.00','0.00','0.00','0.00','approved','2026-07-25','2026-07-09 08:17:06','2026-07-09 13:41:01'),
('63','17','07-2026','0.00','0.00','0.00','0.00','0.00','0.00','approved','2026-07-25','2026-07-09 08:17:06','2026-07-09 13:41:01'),
('64','18','07-2026','0.00','0.00','0.00','0.00','0.00','0.00','approved','2026-07-25','2026-07-09 08:17:07','2026-07-09 13:41:01'),
('65','19','07-2026','0.00','0.00','0.00','0.00','0.00','0.00','approved','2026-07-25','2026-07-09 08:17:07','2026-07-09 13:41:01'),
('66','20','07-2026','0.00','0.00','0.00','0.00','0.00','0.00','approved','2026-07-25','2026-07-09 08:17:07','2026-07-09 13:41:01'),
('67','21','07-2026','0.00','0.00','0.00','0.00','0.00','0.00','approved','2026-07-25','2026-07-09 08:17:07','2026-07-09 13:41:01'),
('68','22','07-2026','0.00','1500000.00','100000.00','0.00','0.00','1400000.00','approved','2026-07-25','2026-07-09 08:17:07','2026-07-09 10:07:19'),
('69','23','07-2026','0.00','500000.00','100000.00','0.00','0.00','400000.00','approved','2026-07-25','2026-07-09 08:17:07','2026-07-09 10:21:34'),
('70','24','07-2026','0.00','0.00','0.00','0.00','0.00','0.00','approved','2026-07-25','2026-07-09 08:17:07','2026-07-09 13:41:01'),
('71','1','7-2026','0.00','540000.00','150000.00','0.00','0.00','390000.00','approved','2026-07-09','2026-07-09 10:22:05','2026-07-09 13:41:01'),
('72','2','7-2026','0.00','746053.00','61754.00','0.00','0.00','684299.00','approved','2026-07-09','2026-07-09 10:22:05','2026-07-09 13:41:01'),
('73','3','7-2026','0.00','1583800.00','138160.00','0.00','0.00','1445640.00','approved','2026-07-09','2026-07-09 10:22:05','2026-07-09 13:41:01'),
('74','4','7-2026','0.00','490498.00','31426.00','0.00','0.00','459072.00','approved','2026-07-09','2026-07-09 10:22:05','2026-07-09 13:41:01'),
('75','5','7-2026','0.00','1630856.00','30773.00','0.00','0.00','1600083.00','approved','2026-07-09','2026-07-09 10:22:05','2026-07-09 13:41:01'),
('76','6','7-2026','0.00','1157595.00','190361.00','0.00','0.00','967234.00','approved','2026-07-09','2026-07-09 10:22:05','2026-07-09 10:45:19'),
('77','7','7-2026','0.00','959889.00','111987.00','0.00','0.00','847902.00','approved','2026-07-09','2026-07-09 10:22:05','2026-07-09 10:22:16'),
('78','8','7-2026','0.00','1252870.00','43959.00','0.00','0.00','1208911.00','approved','2026-07-09','2026-07-09 10:22:05','2026-07-09 13:38:13'),
('79','9','7-2026','0.00','1467049.00','176355.00','0.00','0.00','1290694.00','approved','2026-07-09','2026-07-09 10:22:05','2026-07-09 13:41:01'),
('80','10','7-2026','0.00','455236.00','56318.00','0.00','0.00','398918.00','approved','2026-07-09','2026-07-09 10:22:05','2026-07-09 13:41:01'),
('81','11','7-2026','0.00','629278.00','183556.00','0.00','0.00','445722.00','approved','2026-07-09','2026-07-09 10:22:05','2026-07-09 13:41:01'),
('82','12','7-2026','0.00','0.00','0.00','0.00','0.00','0.00','approved','2026-07-09','2026-07-09 10:22:05','2026-07-09 13:41:01'),
('83','13','7-2026','0.00','0.00','0.00','0.00','0.00','0.00','approved','2026-07-09','2026-07-09 10:22:05','2026-07-09 13:41:01'),
('84','14','7-2026','0.00','0.00','0.00','0.00','0.00','0.00','approved','2026-07-09','2026-07-09 10:22:05','2026-07-09 13:41:01'),
('85','15','7-2026','0.00','0.00','0.00','0.00','0.00','0.00','approved','2026-07-09','2026-07-09 10:22:05','2026-07-09 13:41:01'),
('86','16','7-2026','0.00','0.00','0.00','0.00','0.00','0.00','approved','2026-07-09','2026-07-09 10:22:05','2026-07-09 13:41:01'),
('87','17','7-2026','0.00','0.00','0.00','0.00','0.00','0.00','approved','2026-07-09','2026-07-09 10:22:05','2026-07-09 13:41:01'),
('88','18','7-2026','0.00','0.00','0.00','0.00','0.00','0.00','approved','2026-07-09','2026-07-09 10:22:05','2026-07-09 13:41:01'),
('89','19','7-2026','0.00','0.00','0.00','0.00','0.00','0.00','approved','2026-07-09','2026-07-09 10:22:05','2026-07-09 13:41:01'),
('90','20','7-2026','0.00','0.00','0.00','0.00','0.00','0.00','approved','2026-07-09','2026-07-09 10:22:05','2026-07-09 13:41:01'),
('91','21','7-2026','0.00','0.00','0.00','0.00','0.00','0.00','approved','2026-07-09','2026-07-09 10:22:05','2026-07-09 13:41:01'),
('92','22','7-2026','0.00','1500000.00','100000.00','0.00','0.00','1400000.00','approved','2026-07-09','2026-07-09 10:22:05','2026-07-09 13:41:01'),
('93','23','7-2026','0.00','500000.00','100000.00','0.00','0.00','400000.00','approved','2026-07-09','2026-07-09 10:22:05','2026-07-09 13:41:01'),
('94','24','7-2026','0.00','0.00','0.00','0.00','0.00','0.00','approved','2026-07-09','2026-07-09 10:22:05','2026-07-09 13:41:01'),
('95','1','8-2026','0.00','540000.00','150000.00','0.00','0.00','390000.00','approved','2026-07-09','2026-07-09 10:52:07','2026-07-09 13:37:59'),
('96','2','8-2026','0.00','746053.00','61754.00','0.00','0.00','684299.00','approved','2026-07-09','2026-07-09 10:52:07','2026-07-09 13:41:01'),
('97','3','8-2026','0.00','1583800.00','138160.00','0.00','0.00','1445640.00','approved','2026-07-09','2026-07-09 10:52:07','2026-07-09 13:41:01'),
('98','4','8-2026','0.00','490498.00','31426.00','0.00','0.00','459072.00','approved','2026-07-09','2026-07-09 10:52:07','2026-07-09 13:41:01'),
('99','5','8-2026','0.00','1630856.00','30773.00','0.00','0.00','1600083.00','approved','2026-07-09','2026-07-09 10:52:07','2026-07-09 13:41:01'),
('100','6','8-2026','0.00','1157595.00','190361.00','0.00','0.00','967234.00','approved','2026-07-09','2026-07-09 10:52:07','2026-07-09 13:41:01'),
('101','7','8-2026','0.00','959889.00','111987.00','0.00','0.00','847902.00','approved','2026-07-09','2026-07-09 10:52:07','2026-07-09 13:41:01'),
('102','8','8-2026','0.00','1252870.00','43959.00','0.00','0.00','1208911.00','approved','2026-07-09','2026-07-09 10:52:07','2026-07-09 13:41:01'),
('103','9','8-2026','0.00','1467049.00','176355.00','0.00','0.00','1290694.00','approved','2026-07-09','2026-07-09 10:52:07','2026-07-09 13:41:01'),
('104','10','8-2026','0.00','455236.00','56318.00','0.00','0.00','398918.00','approved','2026-07-09','2026-07-09 10:52:07','2026-07-09 13:41:01'),
('105','11','8-2026','0.00','629278.00','183556.00','0.00','0.00','445722.00','approved','2026-07-09','2026-07-09 10:52:07','2026-07-09 13:41:01'),
('106','12','8-2026','0.00','0.00','0.00','0.00','0.00','0.00','approved','2026-07-09','2026-07-09 10:52:07','2026-07-09 13:41:01'),
('107','13','8-2026','0.00','0.00','0.00','0.00','0.00','0.00','approved','2026-07-09','2026-07-09 10:52:07','2026-07-09 13:41:01'),
('108','14','8-2026','0.00','0.00','0.00','0.00','0.00','0.00','approved','2026-07-09','2026-07-09 10:52:07','2026-07-09 13:41:01'),
('109','15','8-2026','0.00','0.00','0.00','0.00','0.00','0.00','approved','2026-07-09','2026-07-09 10:52:07','2026-07-09 13:41:01'),
('110','16','8-2026','0.00','0.00','0.00','0.00','0.00','0.00','approved','2026-07-09','2026-07-09 10:52:07','2026-07-09 13:41:01'),
('111','17','8-2026','0.00','0.00','0.00','0.00','0.00','0.00','approved','2026-07-09','2026-07-09 10:52:07','2026-07-09 13:41:01'),
('112','18','8-2026','0.00','0.00','0.00','0.00','0.00','0.00','approved','2026-07-09','2026-07-09 10:52:07','2026-07-09 13:41:01'),
('113','19','8-2026','0.00','0.00','0.00','0.00','0.00','0.00','approved','2026-07-09','2026-07-09 10:52:07','2026-07-09 13:41:01'),
('114','20','8-2026','0.00','0.00','0.00','0.00','0.00','0.00','approved','2026-07-09','2026-07-09 10:52:07','2026-07-09 13:41:01'),
('115','21','8-2026','0.00','0.00','0.00','0.00','0.00','0.00','approved','2026-07-09','2026-07-09 10:52:08','2026-07-09 10:52:14'),
('116','22','8-2026','0.00','1500000.00','100000.00','0.00','0.00','1400000.00','approved','2026-07-09','2026-07-09 10:52:08','2026-07-09 11:00:36'),
('117','23','8-2026','0.00','500000.00','100000.00','0.00','0.00','400000.00','approved','2026-07-09','2026-07-09 10:52:08','2026-07-09 12:33:55'),
('118','24','8-2026','0.00','0.00','0.00','0.00','0.00','0.00','approved','2026-07-09','2026-07-09 10:52:08','2026-07-09 13:37:51');

DROP TABLE IF EXISTS `positions`;
CREATE TABLE `positions` (
  `id` bigint unsigned NOT NULL AUTO_INCREMENT,
  `title` varchar(255) COLLATE utf8mb4_unicode_ci NOT NULL,
  `min_salary` decimal(15,2) NOT NULL,
  `max_salary` decimal(15,2) NOT NULL,
  `created_at` timestamp NULL DEFAULT NULL,
  `updated_at` timestamp NULL DEFAULT NULL,
  PRIMARY KEY (`id`)
) ENGINE=InnoDB AUTO_INCREMENT=30 DEFAULT CHARSET=utf8mb4 COLLATE=utf8mb4_unicode_ci;

INSERT INTO `positions` VALUES 
('1','Manajer','10000000.00','20000000.00','2026-07-02 17:33:02','2026-07-02 17:33:02'),
('2','Staf','5000000.00','10000000.00','2026-07-02 17:33:02','2026-07-02 17:33:02'),
('3','Camera Operator','8017375.00','9071211.00','2026-07-02 17:33:02','2026-07-02 17:33:02'),
('4','Taxi Drivers and Chauffeur','5485256.00','8550418.00','2026-07-02 17:33:02','2026-07-02 17:33:02'),
('5','Marriage and Family Therapist','6874060.00','11285497.00','2026-07-02 17:33:02','2026-07-02 17:33:02'),
('6','Plating Machine Operator','9930452.00','13967378.00','2026-07-02 17:33:02','2026-07-02 17:33:02'),
('7','Tax Preparer','3251968.00','6116273.00','2026-07-02 17:33:02','2026-07-02 17:33:02'),
('8','Drafter','7799237.00','12777136.00','2026-07-02 17:33:02','2026-07-02 17:33:02'),
('9','Financial Specialist','5932030.00','8516324.00','2026-07-02 17:33:02','2026-07-02 17:33:02'),
('10','Automotive Mechanic','3117318.00','4554101.00','2026-07-02 17:33:02','2026-07-02 17:33:02'),
('11','Plumber OR Pipefitter OR Steamfitter','9743593.00','10993156.00','2026-07-02 17:33:02','2026-07-02 17:33:02'),
('12','Highway Maintenance Worker','9088830.00','11134047.00','2026-07-02 17:33:02','2026-07-02 17:33:02'),
('13','Ship Captain','6256237.00','9362479.00','2026-07-02 17:33:03','2026-07-02 17:33:03'),
('14','Management Analyst','8590645.00','10721845.00','2026-07-02 17:33:03','2026-07-02 17:33:03'),
('15','Marketing Manager','5507968.00','7402467.00','2026-07-02 17:33:03','2026-07-02 17:33:03'),
('16','Respiratory Therapist','3425514.00','8074510.00','2026-07-02 17:33:03','2026-07-02 17:33:03'),
('17','Statistical Assistant','7612423.00','10036943.00','2026-07-02 17:33:03','2026-07-02 17:33:03'),
('18','Medical Laboratory Technologist','4523548.00','9037537.00','2026-07-02 17:33:03','2026-07-02 17:33:03'),
('19','Electronic Equipment Assembler','3242780.00','7919582.00','2026-07-02 17:33:03','2026-07-02 17:33:03'),
('20','Optical Instrument Assembler','7520138.00','10794694.00','2026-07-02 17:33:03','2026-07-02 17:33:03'),
('21','Animal Control Worker','5254495.00','7261917.00','2026-07-02 17:33:03','2026-07-02 17:33:03'),
('22','Etcher','4637597.00','7954726.00','2026-07-02 17:33:03','2026-07-02 17:33:03'),
('23','Backend Developer','5000000.00','15000000.00','2026-07-02 20:10:55','2026-07-02 20:10:55'),
('25','Test Jabatan','5000000.00','10000000.00','2026-07-03 09:57:16','2026-07-03 09:57:16'),
('26','Test Jabatan 1783043870','5000000.00','10000000.00','2026-07-03 09:57:50','2026-07-03 09:57:50'),
('27','hr','10000000.00','15000000.00','2026-07-03 10:00:49','2026-07-03 10:00:49'),
('28','cleaning service','1000000.00','2100000.00','2026-07-08 09:51:15','2026-07-08 09:51:15'),
('29','Kaprodi','2000000.00','10000000.00','2026-07-08 16:40:17','2026-07-08 16:40:17');

DROP TABLE IF EXISTS `salary_structures`;
CREATE TABLE `salary_structures` (
  `id` bigint unsigned NOT NULL AUTO_INCREMENT,
  `employee_id` bigint unsigned NOT NULL,
  `basic_salary` decimal(15,2) NOT NULL,
  `effective_date` date NOT NULL,
  `created_at` timestamp NULL DEFAULT NULL,
  `updated_at` timestamp NULL DEFAULT NULL,
  PRIMARY KEY (`id`),
  UNIQUE KEY `salary_structures_employee_id_effective_date_unique` (`employee_id`,`effective_date`),
  CONSTRAINT `salary_structures_employee_id_foreign` FOREIGN KEY (`employee_id`) REFERENCES `employees` (`id`) ON DELETE CASCADE
) ENGINE=InnoDB AUTO_INCREMENT=19 DEFAULT CHARSET=utf8mb4 COLLATE=utf8mb4_unicode_ci;

INSERT INTO `salary_structures` VALUES 
('1','1','8000000.00','2023-01-01','2026-07-02 17:33:02','2026-07-02 17:33:02'),
('2','2','3624406.00','2026-02-01','2026-07-02 17:33:02','2026-07-02 17:33:02'),
('3','3','12332820.00','2025-11-01','2026-07-02 17:33:02','2026-07-02 17:33:02'),
('4','4','4422661.00','2025-06-01','2026-07-02 17:33:02','2026-07-02 17:33:02'),
('5','5','13579528.00','2025-09-01','2026-07-02 17:33:02','2026-07-02 17:33:02'),
('6','6','11257653.00','2026-04-01','2026-07-02 17:33:02','2026-07-02 17:33:02'),
('7','7','4665197.00','2026-02-01','2026-07-02 17:33:02','2026-07-02 17:33:02'),
('8','8','13353949.00','2024-12-01','2026-07-02 17:33:02','2026-07-02 17:33:02'),
('9','9','12431367.00','2024-08-01','2026-07-02 17:33:02','2026-07-02 17:33:02'),
('10','10','13274531.00','2025-04-01','2026-07-02 17:33:02','2026-07-02 17:33:02'),
('11','11','6304775.00','2026-06-01','2026-07-02 17:33:02','2026-07-02 17:33:02'),
('12','22','10000000.00','2024-01-01','2026-07-02 20:10:56','2026-07-02 20:10:56'),
('15','2','12000000.00','2026-04-05','2026-07-03 09:13:12','2026-07-03 09:13:12'),
('16','1','12000000.00','2026-04-05','2026-07-03 09:13:38','2026-07-03 09:13:38'),
('17','22','7000000.00','2023-01-01','2026-07-03 09:57:16','2026-07-03 09:57:16'),
('18','23','7000000.00','2023-01-01','2026-07-03 09:57:50','2026-07-03 09:57:50');

DROP TABLE IF EXISTS `sessions`;
CREATE TABLE `sessions` (
  `id` varchar(255) COLLATE utf8mb4_unicode_ci NOT NULL,
  `user_id` bigint unsigned DEFAULT NULL,
  `ip_address` varchar(45) COLLATE utf8mb4_unicode_ci DEFAULT NULL,
  `user_agent` text COLLATE utf8mb4_unicode_ci,
  `payload` longtext COLLATE utf8mb4_unicode_ci NOT NULL,
  `last_activity` int NOT NULL,
  PRIMARY KEY (`id`),
  KEY `sessions_user_id_index` (`user_id`),
  KEY `sessions_last_activity_index` (`last_activity`)
) ENGINE=InnoDB DEFAULT CHARSET=utf8mb4 COLLATE=utf8mb4_unicode_ci;

INSERT INTO `sessions` VALUES 
('BpA9rWGpNeYLYMhzOJsxqbr8Z6DJOuV1nN41VuCZ','1','127.0.0.1','Symfony','eyJsb2dpbl93ZWJfNTliYTM2YWRkYzJiMmY5NDAxNTgwZjAxNGM3ZjU4ZWE0ZTMwOTg5ZCI6MSwiX3Rva2VuIjoiZHdBNmFPd2h6TEpxZ2tjQ2ZZY3RTdGhVRUVCRncwRnpEOWNCbUxnSSIsIl9wcmV2aW91cyI6eyJ1cmwiOiJodHRwOlwvXC9sb2NhbGhvc3RcL3BheXNsaXBzXC8xXC9wcmludCIsInJvdXRlIjoicGF5c2xpcHMucHJpbnQifSwiX2ZsYXNoIjp7Im9sZCI6W10sIm5ldyI6W119fQ==','1783575075'),
('Ic9O4lmqJ1Ci0li0wQ3jIvxAu9z8xiV7r29dFWjg','1','127.0.0.1','Symfony','eyJsb2dpbl93ZWJfNTliYTM2YWRkYzJiMmY5NDAxNTgwZjAxNGM3ZjU4ZWE0ZTMwOTg5ZCI6MSwiX3Rva2VuIjoiWTZDSE1ORmNnVFVINXlhb1BkT0s4VXUxN1ZBVEFxYlltSzhWbWVHNSIsIl9wcmV2aW91cyI6eyJ1cmwiOiJodHRwOlwvXC9sb2NhbGhvc3RcL3BheXNsaXBzXC8xIiwicm91dGUiOiJwYXlzbGlwcy5zaG93In0sIl9mbGFzaCI6eyJvbGQiOltdLCJuZXciOltdfX0=','1783575048'),
('YMYILUGiJyqHuwfkevMtewgYcykEB4erc60qBjzq','4','127.0.0.1','Mozilla/5.0 (Windows NT 10.0; Win64; x64) AppleWebKit/537.36 (KHTML, like Gecko) Chrome/150.0.0.0 Safari/537.36 Edg/150.0.0.0','eyJfdG9rZW4iOiJDeU4xNUI5aldjSVFmZXZmdW5YVkVLVnRCUUZuSFJxZXdjSUs5OHhFIiwiX2ZsYXNoIjp7Im5ldyI6W10sIm9sZCI6W119LCJfcHJldmlvdXMiOnsidXJsIjoiaHR0cDpcL1wvbGFyYXZlbC1uaWNlYWRtaW4tYm9vdHN0cmFwLnRlc3RcL3NhbGFyeS1zdHJ1Y3R1cmUiLCJyb3V0ZSI6InNhbGFyeS1zdHJ1Y3R1cmUuaW5kZXgifSwibG9naW5fd2ViXzU5YmEzNmFkZGMyYjJmOTQwMTU4MGYwMTRjN2Y1OGVhNGUzMDk4OWQiOjR9','1783576504');

DROP TABLE IF EXISTS `settings`;
CREATE TABLE `settings` (
  `id` bigint unsigned NOT NULL AUTO_INCREMENT,
  `app_name` varchar(255) COLLATE utf8mb4_unicode_ci NOT NULL,
  `copyright` varchar(255) COLLATE utf8mb4_unicode_ci NOT NULL,
  `login_title` varchar(255) COLLATE utf8mb4_unicode_ci NOT NULL,
  `keywords` varchar(255) COLLATE utf8mb4_unicode_ci DEFAULT NULL,
  `description` varchar(255) COLLATE utf8mb4_unicode_ci DEFAULT NULL,
  `logo` varchar(255) COLLATE utf8mb4_unicode_ci DEFAULT NULL,
  `created_at` timestamp NULL DEFAULT NULL,
  `updated_at` timestamp NULL DEFAULT NULL,
  PRIMARY KEY (`id`)
) ENGINE=InnoDB AUTO_INCREMENT=2 DEFAULT CHARSET=utf8mb4 COLLATE=utf8mb4_unicode_ci;

INSERT INTO `settings` VALUES 
('1','PAYYROL','© 2026 PAYYROL. All rights reserved','PAYYROL - Sistem Penggajian Modern','payyrol, sistem penggajian, payroll modern, aplikasi gaji, kelola gaji, slip gaji online, aplikasi hris, akurat','PAYYROL adalah sistem penggajian modern yang akurat. Aplikasi ini dirancang untuk memudahkan manajemen dalam mengelola data karyawan, perhitungan gaji, dan pembuatan slip gaji secara efisien dan otomatis.','img/6a4ec7df5cab7.png','2026-07-02 17:33:02','2026-07-09 05:59:02');

DROP TABLE IF EXISTS `tax_configs`;
CREATE TABLE `tax_configs` (
  `id` bigint unsigned NOT NULL AUTO_INCREMENT,
  `name` varchar(255) COLLATE utf8mb4_unicode_ci NOT NULL,
  `rate_percentage` decimal(5,2) NOT NULL,
  `is_active` tinyint(1) NOT NULL DEFAULT '1',
  `created_at` timestamp NULL DEFAULT NULL,
  `updated_at` timestamp NULL DEFAULT NULL,
  PRIMARY KEY (`id`)
) ENGINE=InnoDB AUTO_INCREMENT=4 DEFAULT CHARSET=utf8mb4 COLLATE=utf8mb4_unicode_ci;

INSERT INTO `tax_configs` VALUES 
('1','PPh 21','5.00','1','2026-07-09 08:07:27','2026-07-09 08:07:27'),
('2','BPJS Kesehatan','1.00','1','2026-07-09 08:07:27','2026-07-09 08:07:27'),
('3','BPJS Ketenagakerjaan','2.00','1','2026-07-09 08:07:27','2026-07-09 08:07:27');

DROP TABLE IF EXISTS `tax_records`;
CREATE TABLE `tax_records` (
  `id` bigint unsigned NOT NULL AUTO_INCREMENT,
  `employee_id` bigint unsigned NOT NULL,
  `taxable_income` decimal(15,2) NOT NULL,
  `pph21_amount` decimal(15,2) NOT NULL,
  `period` varchar(255) COLLATE utf8mb4_unicode_ci NOT NULL,
  `created_at` timestamp NULL DEFAULT NULL,
  `updated_at` timestamp NULL DEFAULT NULL,
  PRIMARY KEY (`id`),
  KEY `tax_records_employee_id_foreign` (`employee_id`),
  CONSTRAINT `tax_records_employee_id_foreign` FOREIGN KEY (`employee_id`) REFERENCES `employees` (`id`) ON DELETE CASCADE
) ENGINE=InnoDB AUTO_INCREMENT=57 DEFAULT CHARSET=utf8mb4 COLLATE=utf8mb4_unicode_ci;

INSERT INTO `tax_records` VALUES 
('1','1','5000000.00','25000.00','10-2023','2026-07-02 17:33:03','2026-07-02 17:33:03'),
('2','12','43992200.44','3025116.18','10-2023','2026-07-02 17:33:03','2026-07-02 17:33:03'),
('3','13','54889912.27','4879349.19','10-2023','2026-07-02 17:33:03','2026-07-02 17:33:03'),
('4','14','87381291.51','1621801.65','10-2023','2026-07-02 17:33:03','2026-07-02 17:33:03'),
('5','15','43961446.57','4102882.54','10-2023','2026-07-02 17:33:03','2026-07-02 17:33:03'),
('6','16','42341177.36','3046441.82','10-2023','2026-07-02 17:33:03','2026-07-02 17:33:03'),
('7','17','59968887.71','1080934.67','10-2023','2026-07-02 17:33:03','2026-07-02 17:33:03'),
('8','18','83948791.06','1322732.81','10-2023','2026-07-02 17:33:03','2026-07-02 17:33:03'),
('9','19','79958144.80','3112179.17','10-2023','2026-07-02 17:33:03','2026-07-02 17:33:03'),
('10','20','34692531.54','4215209.07','10-2023','2026-07-02 17:33:03','2026-07-02 17:33:03'),
('11','21','47381557.59','4293600.54','10-2023','2026-07-02 17:33:03','2026-07-02 17:33:03'),
('12','1','43356000.00','180650.00','10-2024','2026-07-02 20:10:58','2026-07-02 20:10:58'),
('13','2','0.00','0.00','10-2024','2026-07-02 20:10:58','2026-07-02 20:10:58'),
('14','3','97999440.00','724993.00','10-2024','2026-07-02 20:10:58','2026-07-02 20:10:58'),
('15','4','0.00','0.00','10-2024','2026-07-02 20:10:58','2026-07-02 20:10:58'),
('16','5','121924608.00','1024057.60','10-2024','2026-07-02 20:10:58','2026-07-02 20:10:58'),
('17','6','88982976.00','612287.20','10-2024','2026-07-02 20:10:58','2026-07-02 20:10:58'),
('18','7','0.00','0.00','10-2024','2026-07-02 20:10:58','2026-07-02 20:10:58'),
('19','8','115281828.00','941022.85','10-2024','2026-07-02 20:10:58','2026-07-02 20:10:58'),
('20','9','97780992.00','722262.40','10-2024','2026-07-02 20:10:58','2026-07-02 20:10:58'),
('21','10','100257204.00','753215.05','10-2024','2026-07-02 20:10:58','2026-07-02 20:10:58'),
('22','11','25048204.20','104367.52','10-2024','2026-07-02 20:10:58','2026-07-02 20:10:58'),
('23','12','0.00','0.00','10-2024','2026-07-02 20:10:58','2026-07-02 20:10:58'),
('24','13','0.00','0.00','10-2024','2026-07-02 20:10:58','2026-07-02 20:10:58'),
('25','14','0.00','0.00','10-2024','2026-07-02 20:10:58','2026-07-02 20:10:58'),
('26','15','0.00','0.00','10-2024','2026-07-02 20:10:58','2026-07-02 20:10:58'),
('27','16','0.00','0.00','10-2024','2026-07-02 20:10:58','2026-07-02 20:10:58'),
('28','17','0.00','0.00','10-2024','2026-07-02 20:10:58','2026-07-02 20:10:58'),
('29','18','0.00','0.00','10-2024','2026-07-02 20:10:58','2026-07-02 20:10:58'),
('30','19','0.00','0.00','10-2024','2026-07-02 20:10:58','2026-07-02 20:10:58'),
('31','20','0.00','0.00','10-2024','2026-07-02 20:10:58','2026-07-02 20:10:58'),
('32','21','0.00','0.00','10-2024','2026-07-02 20:10:58','2026-07-02 20:10:58'),
('33','22','69000000.00','362500.00','10-2024','2026-07-02 20:10:58','2026-07-02 20:10:58'),
('34','1','90480000.00','631000.00','2-7-2026','2026-07-02 20:15:52','2026-07-03 10:37:52'),
('35','2','83952636.00','549407.95','2-7-2026','2026-07-02 20:15:52','2026-07-03 10:37:52'),
('36','3','97999440.00','724993.00','2-7-2026','2026-07-02 20:15:52','2026-07-03 10:37:52'),
('37','4','0.00','0.00','2-7-2026','2026-07-02 20:15:52','2026-07-03 10:37:52'),
('38','5','121924608.00','1024057.60','2-7-2026','2026-07-02 20:15:52','2026-07-03 10:37:52'),
('39','6','88982976.00','612287.20','2-7-2026','2026-07-02 20:15:52','2026-07-03 10:37:52'),
('40','7','0.00','0.00','2-7-2026','2026-07-02 20:15:52','2026-07-03 10:37:52'),
('41','8','115281828.00','941022.85','2-7-2026','2026-07-02 20:15:52','2026-07-03 10:37:52'),
('42','9','97780992.00','722262.40','2-7-2026','2026-07-02 20:15:52','2026-07-03 10:37:52'),
('43','10','100257204.00','753215.05','2-7-2026','2026-07-02 20:15:52','2026-07-03 10:37:52'),
('44','11','25048204.20','104367.52','2-7-2026','2026-07-02 20:15:53','2026-07-03 10:37:52'),
('45','12','0.00','0.00','2-7-2026','2026-07-02 20:15:53','2026-07-03 10:37:52'),
('46','13','0.00','0.00','2-7-2026','2026-07-02 20:15:53','2026-07-03 10:37:52'),
('47','14','0.00','0.00','2-7-2026','2026-07-02 20:15:53','2026-07-03 10:37:52'),
('48','15','0.00','0.00','2-7-2026','2026-07-02 20:15:53','2026-07-03 10:37:52'),
('49','16','0.00','0.00','2-7-2026','2026-07-02 20:15:53','2026-07-03 10:37:52'),
('50','17','0.00','0.00','2-7-2026','2026-07-02 20:15:53','2026-07-03 10:37:52'),
('51','18','0.00','0.00','2-7-2026','2026-07-02 20:15:53','2026-07-03 10:37:52'),
('52','19','0.00','0.00','2-7-2026','2026-07-02 20:15:53','2026-07-03 10:37:53'),
('53','20','0.00','0.00','2-7-2026','2026-07-02 20:15:53','2026-07-03 10:37:53'),
('54','21','0.00','0.00','2-7-2026','2026-07-02 20:15:53','2026-07-03 10:37:53'),
('55','22','69000000.00','362500.00','2-7-2026','2026-07-02 20:15:53','2026-07-03 10:37:53'),
('56','23','31500000.00','131250.00','2-7-2026','2026-07-03 10:37:53','2026-07-03 10:37:53');

DROP TABLE IF EXISTS `users`;
CREATE TABLE `users` (
  `id` bigint unsigned NOT NULL AUTO_INCREMENT,
  `name` varchar(255) COLLATE utf8mb4_unicode_ci NOT NULL,
  `email` varchar(255) COLLATE utf8mb4_unicode_ci NOT NULL,
  `phone` varchar(20) COLLATE utf8mb4_unicode_ci DEFAULT NULL,
  `email_verified_at` timestamp NULL DEFAULT NULL,
  `password` varchar(255) COLLATE utf8mb4_unicode_ci NOT NULL,
  `avatar` varchar(255) COLLATE utf8mb4_unicode_ci DEFAULT NULL,
  `role` enum('Superadmin','Admin','hr','finance','employee') COLLATE utf8mb4_unicode_ci NOT NULL DEFAULT 'employee',
  `remember_token` varchar(100) COLLATE utf8mb4_unicode_ci DEFAULT NULL,
  `created_at` timestamp NULL DEFAULT NULL,
  `updated_at` timestamp NULL DEFAULT NULL,
  PRIMARY KEY (`id`),
  UNIQUE KEY `users_email_unique` (`email`)
) ENGINE=InnoDB AUTO_INCREMENT=10 DEFAULT CHARSET=utf8mb4 COLLATE=utf8mb4_unicode_ci;

INSERT INTO `users` VALUES 
('1','Tamus Tahir','tamus@gmail.com',NULL,'2026-07-02 17:33:02','$2y$12$yoYFX26iLuG3vpTTmEiDiumnwvOIt95Z9gX.X3wkIVaSSBPOU9u5C',NULL,'Superadmin','FKQMr3cBnXAAC3ZUF7NapENP336RZ7RcgxWohdZ1p4jkeEN4QDUyA7T3F26Q','2026-07-02 17:33:02','2026-07-02 17:33:02'),
('2','Staf HR','hr@example.com',NULL,'2026-07-02 17:33:02','$2y$12$yoYFX26iLuG3vpTTmEiDiumnwvOIt95Z9gX.X3wkIVaSSBPOU9u5C',NULL,'hr','6qDauaw0fVDceyq5QNRcCQpYfVNGDzEIAyTPUGP5gqbATsh9QcqJWJv7MGjB','2026-07-02 17:33:02','2026-07-02 17:33:02'),
('3','Admin Sistem','admin@example.com',NULL,'2026-07-02 17:33:02','$2y$12$yoYFX26iLuG3vpTTmEiDiumnwvOIt95Z9gX.X3wkIVaSSBPOU9u5C',NULL,'Admin','rKXxfzzA4C','2026-07-02 17:33:02','2026-07-02 17:33:02'),
('4','Staf Keuangan','finance@example.com',NULL,'2026-07-02 17:33:02','$2y$12$yoYFX26iLuG3vpTTmEiDiumnwvOIt95Z9gX.X3wkIVaSSBPOU9u5C',NULL,'finance','VnG8AjyAKBIeOIKbgI4RNdCvDa7xeZGd0RXyBf4QaFRiV7aIXDAVisWPG3MN','2026-07-02 17:33:02','2026-07-02 17:33:02'),
('5','Karyawan','employee@example.com',NULL,'2026-07-02 17:33:02','$2y$12$yoYFX26iLuG3vpTTmEiDiumnwvOIt95Z9gX.X3wkIVaSSBPOU9u5C',NULL,'employee','tTAlAVN53gxbndMKunHGYW1dKeRIes2qALbHhXvXcPLYPMAiSN1zzdLMxkXG','2026-07-02 17:33:02','2026-07-02 17:33:02'),
('6','Test Employee','test_e2e@example.com',NULL,NULL,'$2y$12$cSyfVtZaU3yMMwpid8KboesjFTE3CvBGPvexgMLWsM14UbH7wLjbm',NULL,'employee',NULL,'2026-07-02 20:10:56','2026-07-02 20:10:56'),
('7','Test Admin','admin_test_1@example.com',NULL,NULL,'$2y$12$1g9CXinJnd9yfJMwpzF6K.Km0j9XYCI.01/P4neUh4qnF3dn.CPo.',NULL,'Admin',NULL,'2026-07-03 09:47:35','2026-07-03 09:47:35'),
('8','irwan','admin_test_1783043870@example.com',NULL,NULL,'$2y$12$6M4bhc6sTmoO7Yes4VWKCue5hinaHwy2csrJh9Mhgx8oKdKRA0cqy',NULL,'Admin',NULL,'2026-07-03 09:57:50','2026-07-08 09:49:06'),
('9','fadli','irwan@gmail.com',NULL,NULL,'$2y$12$YVc4H3JQbLmoBWYC2f3Xcem6.giW9bqtPKvkoWkgg9gqz39RsFUbW',NULL,'hr',NULL,'2026-07-08 09:50:04','2026-07-08 09:50:04');

SET FOREIGN_KEY_CHECKS=1;
